id,external_id,name,simulated,meta
c9a979c8f93f719d42714fd0649b0bf2,c9a979c8f93f719d42714fd0649b0bf2,Customer c9a979,True,"{""generated_name"": true}"
90f718695747b51939085c20ef742241,90f718695747b51939085c20ef742241,Customer 90f718,True,"{""generated_name"": true}"
798df450279c57bc9f7a612ded13695e,798df450279c57bc9f7a612ded13695e,Customer 798df4,True,"{""generated_name"": true}"
1f9c999a258e902ad91126ccfce5242f,1f9c999a258e902ad91126ccfce5242f,Customer 1f9c99,True,"{""generated_name"": true}"
0b71e6282e1f0bb4b4b46d4fd012c100,0b71e6282e1f0bb4b4b46d4fd012c100,Customer 0b71e6,True,"{""generated_name"": true}"
b45fea9f2c0bb83348c7fc3d17bf7639,b45fea9f2c0bb83348c7fc3d17bf7639,Customer b45fea,True,"{""generated_name"": true}"
24e998dbc3458fe7b77b370e6d10ba57,24e998dbc3458fe7b77b370e6d10ba57,Customer 24e998,True,"{""generated_name"": true}"
64318e7cf2812fe20d69128528d52f5b,64318e7cf2812fe20d69128528d52f5b,Customer 64318e,True,"{""generated_name"": true}"
1623bb8272e54fa0a9eb93aa4895adbd,1623bb8272e54fa0a9eb93aa4895adbd,Customer 1623bb,True,"{""generated_name"": true}"
cb1773ccb80012b3cbe87a1eb8c17428,cb1773ccb80012b3cbe87a1eb8c17428,Customer cb1773,True,"{""generated_name"": true}"
b10199c01d6933cb94c126e0ade1b158,b10199c01d6933cb94c126e0ade1b158,Customer b10199,True,"{""generated_name"": true}"
b703d83e085a6a8b339dc548f4878ca8,b703d83e085a6a8b339dc548f4878ca8,Customer b703d8,True,"{""generated_name"": true}"
a419dd7dfd2ca5800069304fde68e3b9,a419dd7dfd2ca5800069304fde68e3b9,Customer a419dd,True,"{""generated_name"": true}"
48343014be411017d2b2e94f11a4ed63,48343014be411017d2b2e94f11a4ed63,Customer 483430,True,"{""generated_name"": true}"
4c83ee458fa2f463b069ecce3d74fb1e,4c83ee458fa2f463b069ecce3d74fb1e,Customer 4c83ee,True,"{""generated_name"": true}"
00dba3af1366ca8114a40bc83021f5e9,00dba3af1366ca8114a40bc83021f5e9,Customer 00dba3,True,"{""generated_name"": true}"
3ca67cf83218dedd76e9f900261e3b27,3ca67cf83218dedd76e9f900261e3b27,Customer 3ca67c,True,"{""generated_name"": true}"
9a1b0b7614967e0ed49dce75c4a285f2,9a1b0b7614967e0ed49dce75c4a285f2,Customer 9a1b0b,True,"{""generated_name"": true}"
2fe074ea3cc24b8fd57d29effc995f8b,2fe074ea3cc24b8fd57d29effc995f8b,Customer 2fe074,True,"{""generated_name"": true}"
0a1900255aeff59cad6626afe47f1997,0a1900255aeff59cad6626afe47f1997,Customer 0a1900,True,"{""generated_name"": true}"
77d730851ce35e9b3f2cc1f8b92b03c9,77d730851ce35e9b3f2cc1f8b92b03c9,Customer 77d730,True,"{""generated_name"": true}"
271df0a7b98c752f9717a693bb33cafd,271df0a7b98c752f9717a693bb33cafd,Customer 271df0,True,"{""generated_name"": true}"
f832d8f651b17291aa60556ebdbaea2d,f832d8f651b17291aa60556ebdbaea2d,Customer f832d8,True,"{""generated_name"": true}"
3b3a25d327343af47148701d883ab92e,3b3a25d327343af47148701d883ab92e,Customer 3b3a25,True,"{""generated_name"": true}"
366099d1fc91479a59fa878693b55efc,366099d1fc91479a59fa878693b55efc,Customer 366099,True,"{""generated_name"": true}"
0783cb00028b2271dca70a603e36a447,0783cb00028b2271dca70a603e36a447,Customer 0783cb,True,"{""generated_name"": true}"
c39cba687c7732b71518a21ecc2cb4b2,c39cba687c7732b71518a21ecc2cb4b2,Customer c39cba,True,"{""generated_name"": true}"
27808c110b4a1fe559638bf911ff227d,27808c110b4a1fe559638bf911ff227d,Customer 27808c,True,"{""generated_name"": true}"
97f45d4f9959f08764ea7bcda122e8c3,97f45d4f9959f08764ea7bcda122e8c3,Customer 97f45d,True,"{""generated_name"": true}"
9a2054a51cf807e1fa4bee356f28a9c6,9a2054a51cf807e1fa4bee356f28a9c6,Customer 9a2054,True,"{""generated_name"": true}"
833aa52735ad47163e479b4684b0f82e,833aa52735ad47163e479b4684b0f82e,Customer 833aa5,True,"{""generated_name"": true}"
384d030cbc406cbce07e8427aa07b88a,384d030cbc406cbce07e8427aa07b88a,Customer 384d03,True,"{""generated_name"": true}"
4a1e99ce3e140ac9dee0339d1712b7db,4a1e99ce3e140ac9dee0339d1712b7db,Customer 4a1e99,True,"{""generated_name"": true}"
745c617eae511cb90924075d841e7b95,745c617eae511cb90924075d841e7b95,Customer 745c61,True,"{""generated_name"": true}"
5caed5b69635770ef574067e85255c52,5caed5b69635770ef574067e85255c52,Customer 5caed5,True,"{""generated_name"": true}"
06ac67aef7797f7d7bca9a777136b752,06ac67aef7797f7d7bca9a777136b752,Customer 06ac67,True,"{""generated_name"": true}"
1a2064ab78800fa8e19c46e40942cc0c,1a2064ab78800fa8e19c46e40942cc0c,Customer 1a2064,True,"{""generated_name"": true}"
c450d45f5d533d91e3dd695b08b55a36,c450d45f5d533d91e3dd695b08b55a36,Customer c450d4,True,"{""generated_name"": true}"
55f8517e3e572aa06923169cf5d0b011,55f8517e3e572aa06923169cf5d0b011,Customer 55f851,True,"{""generated_name"": true}"
3e43e6105506432c953e165fb2acf44c,3e43e6105506432c953e165fb2acf44c,Customer 3e43e6,True,"{""generated_name"": true}"
215cc2b07a8142021155670b573a671f,215cc2b07a8142021155670b573a671f,Customer 215cc2,True,"{""generated_name"": true}"
6594a65023bcb47539aa91b0f8e98e00,6594a65023bcb47539aa91b0f8e98e00,Customer 6594a6,True,"{""generated_name"": true}"
a2c15de05ef380b5a7eaf915898926db,a2c15de05ef380b5a7eaf915898926db,Customer a2c15d,True,"{""generated_name"": true}"
f148041f970c084006b2a719e9459a8e,f148041f970c084006b2a719e9459a8e,Customer f14804,True,"{""generated_name"": true}"
3096afde2d10fa3f4520f993ac9ffa96,3096afde2d10fa3f4520f993ac9ffa96,Customer 3096af,True,"{""generated_name"": true}"
a4855898fe5347ef4ec54192c7053768,a4855898fe5347ef4ec54192c7053768,Customer a48558,True,"{""generated_name"": true}"
5ed68fbea058394fe9017715f735f89e,5ed68fbea058394fe9017715f735f89e,Customer 5ed68f,True,"{""generated_name"": true}"
21fbbe880ef907377e90229f91a02801,21fbbe880ef907377e90229f91a02801,Customer 21fbbe,True,"{""generated_name"": true}"
d8bb7fd9a4b36e5f1d0d7f7dc9b66cca,d8bb7fd9a4b36e5f1d0d7f7dc9b66cca,Customer d8bb7f,True,"{""generated_name"": true}"
f40ecb069c4acc54019e3912a48c21e5,f40ecb069c4acc54019e3912a48c21e5,Customer f40ecb,True,"{""generated_name"": true}"
1dfde15592f9f515c05afa0a58075f25,1dfde15592f9f515c05afa0a58075f25,Customer 1dfde1,True,"{""generated_name"": true}"
073b3547c939512360420845181cd3b7,073b3547c939512360420845181cd3b7,Customer 073b35,True,"{""generated_name"": true}"
a3b604670572162b5f9fecffaab090ce,a3b604670572162b5f9fecffaab090ce,Customer a3b604,True,"{""generated_name"": true}"
6aff90e0a744227f717c3bc35acf3818,6aff90e0a744227f717c3bc35acf3818,Customer 6aff90,True,"{""generated_name"": true}"
56e3a158ef88285f2c15a83db0b13d93,56e3a158ef88285f2c15a83db0b13d93,Customer 56e3a1,True,"{""generated_name"": true}"
a836949b8cf583b1868d8d7ea4ca1614,a836949b8cf583b1868d8d7ea4ca1614,Customer a83694,True,"{""generated_name"": true}"
727a7af284480a3e04b14a527f8b09e4,727a7af284480a3e04b14a527f8b09e4,Customer 727a7a,True,"{""generated_name"": true}"
1479d41bbd302e37d1316c996c1f55ae,1479d41bbd302e37d1316c996c1f55ae,Customer 1479d4,True,"{""generated_name"": true}"
b0029d0771588d41e23553aa22cdf95d,b0029d0771588d41e23553aa22cdf95d,Customer b0029d,True,"{""generated_name"": true}"
8ba288e396a0a48fd28eacc09f43b085,8ba288e396a0a48fd28eacc09f43b085,Customer 8ba288,True,"{""generated_name"": true}"
fec96cd46fad4b51d84fdac82c88e4db,fec96cd46fad4b51d84fdac82c88e4db,Customer fec96c,True,"{""generated_name"": true}"
6f984cb70006e5af276f7765f3eb3992,6f984cb70006e5af276f7765f3eb3992,Customer 6f984c,True,"{""generated_name"": true}"
4cfea1c0d66ed41b769d78040e59fa73,4cfea1c0d66ed41b769d78040e59fa73,Customer 4cfea1,True,"{""generated_name"": true}"
9dcd4e3d159ef86072afb542f17d5641,9dcd4e3d159ef86072afb542f17d5641,Customer 9dcd4e,True,"{""generated_name"": true}"
a3f67d68f7506c76a420c5f2a0e41460,a3f67d68f7506c76a420c5f2a0e41460,Customer a3f67d,True,"{""generated_name"": true}"
c6ffc8db817fa2d51f5228864c055cdc,c6ffc8db817fa2d51f5228864c055cdc,Customer c6ffc8,True,"{""generated_name"": true}"
782fa011637ad33d9dc48856380df409,782fa011637ad33d9dc48856380df409,Customer 782fa0,True,"{""generated_name"": true}"
0fd8ff3aed86ac28b280a2b352cd7689,0fd8ff3aed86ac28b280a2b352cd7689,Customer 0fd8ff,True,"{""generated_name"": true}"
bb2b2aec0c5c877e68061f41eef52016,bb2b2aec0c5c877e68061f41eef52016,Customer bb2b2a,True,"{""generated_name"": true}"
f9675a69fd667de8b891bd7506f14a4a,f9675a69fd667de8b891bd7506f14a4a,Customer f9675a,True,"{""generated_name"": true}"
5ebe183df26c51bcfb30f709ea794080,5ebe183df26c51bcfb30f709ea794080,Customer 5ebe18,True,"{""generated_name"": true}"
978c8ffba59f7650d77198236ada2e26,978c8ffba59f7650d77198236ada2e26,Customer 978c8f,True,"{""generated_name"": true}"
2badb89298df400ba5c894b963a044b5,2badb89298df400ba5c894b963a044b5,Customer 2badb8,True,"{""generated_name"": true}"
732fcda8c52d36068fec11e6a61f73e8,732fcda8c52d36068fec11e6a61f73e8,Customer 732fcd,True,"{""generated_name"": true}"
7311b47a208b4f5af09ccc62fafea9e2,7311b47a208b4f5af09ccc62fafea9e2,Customer 7311b4,True,"{""generated_name"": true}"
a0e2f56981d89ed966ffc3fa68c6466e,a0e2f56981d89ed966ffc3fa68c6466e,Customer a0e2f5,True,"{""generated_name"": true}"
6f5de0a511d5e82fbd0cc9289ac9aa23,6f5de0a511d5e82fbd0cc9289ac9aa23,Customer 6f5de0,True,"{""generated_name"": true}"
96a9a44255930061d8f6a93d4893d986,96a9a44255930061d8f6a93d4893d986,Customer 96a9a4,True,"{""generated_name"": true}"
af4a6773a06ca0a24f4b9c5893650e40,af4a6773a06ca0a24f4b9c5893650e40,Customer af4a67,True,"{""generated_name"": true}"
5e7137f3d110ffa67ffd3bd806e8f39c,5e7137f3d110ffa67ffd3bd806e8f39c,Customer 5e7137,True,"{""generated_name"": true}"
0ef74915f9bd7ef70668a50d59b635aa,0ef74915f9bd7ef70668a50d59b635aa,Customer 0ef749,True,"{""generated_name"": true}"
ab2cd5cfd198ddfe26f7d208905daddc,ab2cd5cfd198ddfe26f7d208905daddc,Customer ab2cd5,True,"{""generated_name"": true}"
863bdd77d135015fc5c250a5255864a6,863bdd77d135015fc5c250a5255864a6,Customer 863bdd,True,"{""generated_name"": true}"
0a677b0577559ca6c6ce9b4c97fba7d0,0a677b0577559ca6c6ce9b4c97fba7d0,Customer 0a677b,True,"{""generated_name"": true}"
0be75d075756fd1b54cb2f7ebfcd6432,0be75d075756fd1b54cb2f7ebfcd6432,Customer 0be75d,True,"{""generated_name"": true}"
ce65f5dccfcee167d6fde61b6f7029fe,ce65f5dccfcee167d6fde61b6f7029fe,Customer ce65f5,True,"{""generated_name"": true}"
879f0badb54016c5d10cd2164e56f1ac,879f0badb54016c5d10cd2164e56f1ac,Customer 879f0b,True,"{""generated_name"": true}"
37058be38f15883c363d658ade716ee9,37058be38f15883c363d658ade716ee9,Customer 37058b,True,"{""generated_name"": true}"
d57abf41b8c0ff61d15d0fc06f21258f,d57abf41b8c0ff61d15d0fc06f21258f,Customer d57abf,True,"{""generated_name"": true}"
b1225386ce404a49a244390535d07f92,b1225386ce404a49a244390535d07f92,Customer b12253,True,"{""generated_name"": true}"
64c5854c7d6b7c2daa86fb6e8b86c5c5,64c5854c7d6b7c2daa86fb6e8b86c5c5,Customer 64c585,True,"{""generated_name"": true}"
211af9953196ee0d130c9e98c1750872,211af9953196ee0d130c9e98c1750872,Customer 211af9,True,"{""generated_name"": true}"
39deed49c6a307b9b5a83d7fcf45924a,39deed49c6a307b9b5a83d7fcf45924a,Customer 39deed,True,"{""generated_name"": true}"
8555a17ba20435f173a230c3ced133fd,8555a17ba20435f173a230c3ced133fd,Customer 8555a1,True,"{""generated_name"": true}"
b6f681a86e6082ece0517a91927ba389,b6f681a86e6082ece0517a91927ba389,Customer b6f681,True,"{""generated_name"": true}"
7cc882b8c6b9017716e362d74026e850,7cc882b8c6b9017716e362d74026e850,Customer 7cc882,True,"{""generated_name"": true}"
9b2efb55dd99203d79594dd9f4db76b1,9b2efb55dd99203d79594dd9f4db76b1,Customer 9b2efb,True,"{""generated_name"": true}"
90db37be54fd796a0fa73b7678e8b795,90db37be54fd796a0fa73b7678e8b795,Customer 90db37,True,"{""generated_name"": true}"
0329053bfa2eba19991dd18df9228cc2,0329053bfa2eba19991dd18df9228cc2,Customer 032905,True,"{""generated_name"": true}"
44c7963ca362e0740315b8db6824fbfe,44c7963ca362e0740315b8db6824fbfe,Customer 44c796,True,"{""generated_name"": true}"
1201e8484f2158b3dbdb0186ef20e8ea,1201e8484f2158b3dbdb0186ef20e8ea,Customer 1201e8,True,"{""generated_name"": true}"
1033ef00990979a963a8e94c31ded33a,1033ef00990979a963a8e94c31ded33a,Customer 1033ef,True,"{""generated_name"": true}"
60a1ce7b08c87a188edd648c00f61b0e,60a1ce7b08c87a188edd648c00f61b0e,Customer 60a1ce,True,"{""generated_name"": true}"
45df9d71b80f651fcfd26763eebd027a,45df9d71b80f651fcfd26763eebd027a,Customer 45df9d,True,"{""generated_name"": true}"
82bbfd611198a89d2be66389d603e4ba,82bbfd611198a89d2be66389d603e4ba,Customer 82bbfd,True,"{""generated_name"": true}"
06ef40d6e048bc6ca4c8b6f2190227e1,06ef40d6e048bc6ca4c8b6f2190227e1,Customer 06ef40,True,"{""generated_name"": true}"
b60ebccd69ad3836830dd0e407c4cd13,b60ebccd69ad3836830dd0e407c4cd13,Customer b60ebc,True,"{""generated_name"": true}"
7ed5293a63918255d94117f23d036741,7ed5293a63918255d94117f23d036741,Customer 7ed529,True,"{""generated_name"": true}"
9f0628912b8102be6ef4638d0753addf,9f0628912b8102be6ef4638d0753addf,Customer 9f0628,True,"{""generated_name"": true}"
896283d8bc7fdff277edf09e539df880,896283d8bc7fdff277edf09e539df880,Customer 896283,True,"{""generated_name"": true}"
35075f5697e428103e41b806f9ff8522,35075f5697e428103e41b806f9ff8522,Customer 35075f,True,"{""generated_name"": true}"
d82e03353dcd4c2c6ddd3dba073c8da8,d82e03353dcd4c2c6ddd3dba073c8da8,Customer d82e03,True,"{""generated_name"": true}"
933d09bc2bcad9d9d322dd7df9f3c908,933d09bc2bcad9d9d322dd7df9f3c908,Customer 933d09,True,"{""generated_name"": true}"
a2b3ce5552d104942d42485e8cf59397,a2b3ce5552d104942d42485e8cf59397,Customer a2b3ce,True,"{""generated_name"": true}"
08981350cd27a14c6e62555cd0997160,08981350cd27a14c6e62555cd0997160,Customer 089813,True,"{""generated_name"": true}"
003d56767e53e08671de00da3fba8d40,003d56767e53e08671de00da3fba8d40,Customer 003d56,True,"{""generated_name"": true}"
04ae6453ac0b2807721d210786d83b50,04ae6453ac0b2807721d210786d83b50,Customer 04ae64,True,"{""generated_name"": true}"
78f40d39d4a401c047c0c26559e7775a,78f40d39d4a401c047c0c26559e7775a,Customer 78f40d,True,"{""generated_name"": true}"
da3d269cb723dde0477d80fb32601c20,da3d269cb723dde0477d80fb32601c20,Customer da3d26,True,"{""generated_name"": true}"
2ed0e4f6c18fdb9edb131c62afef644f,2ed0e4f6c18fdb9edb131c62afef644f,Customer 2ed0e4,True,"{""generated_name"": true}"
76ab1b49391ce566431f4ce1d52b3f6d,76ab1b49391ce566431f4ce1d52b3f6d,Customer 76ab1b,True,"{""generated_name"": true}"
2bb6cf1dbaaba0cfd67e8f83ec189618,2bb6cf1dbaaba0cfd67e8f83ec189618,Customer 2bb6cf,True,"{""generated_name"": true}"
e9b5c04c2364a0d172307ecb95a74ef4,e9b5c04c2364a0d172307ecb95a74ef4,Customer e9b5c0,True,"{""generated_name"": true}"
4d881f96bad182e8853def6c3453c087,4d881f96bad182e8853def6c3453c087,Customer 4d881f,True,"{""generated_name"": true}"
f4e5cb6321ff7e6acaf8eb6dc0bc3580,f4e5cb6321ff7e6acaf8eb6dc0bc3580,Customer f4e5cb,True,"{""generated_name"": true}"
88a1d0f48fe4fccb30f960c925644fd8,88a1d0f48fe4fccb30f960c925644fd8,Customer 88a1d0,True,"{""generated_name"": true}"
597ef8cb19501376ed11206094c0f3dc,597ef8cb19501376ed11206094c0f3dc,Customer 597ef8,True,"{""generated_name"": true}"
07a725430cedc49e17e0f00e1fbf70cb,07a725430cedc49e17e0f00e1fbf70cb,Customer 07a725,True,"{""generated_name"": true}"
a224940861ba26095fb10ba2fbfcc7e4,a224940861ba26095fb10ba2fbfcc7e4,Customer a22494,True,"{""generated_name"": true}"
e187a4f568431067618a5d9c8f73652a,e187a4f568431067618a5d9c8f73652a,Customer e187a4,True,"{""generated_name"": true}"
0fb360a422d2297dcf21d4d7b91028db,0fb360a422d2297dcf21d4d7b91028db,Customer 0fb360,True,"{""generated_name"": true}"
f8d2ce74b814acbf8db166a3d542abec,f8d2ce74b814acbf8db166a3d542abec,Customer f8d2ce,True,"{""generated_name"": true}"
b56a9485cd8a9ec00c366912cd29c809,b56a9485cd8a9ec00c366912cd29c809,Customer b56a94,True,"{""generated_name"": true}"
cb9f1b479c24cdcbd80d7c7064e4c9fd,cb9f1b479c24cdcbd80d7c7064e4c9fd,Customer cb9f1b,True,"{""generated_name"": true}"
a177014a6f3e42854c24bf59b6871447,a177014a6f3e42854c24bf59b6871447,Customer a17701,True,"{""generated_name"": true}"
87c9eb971f4cfcbefa08cb27b21bc9a7,87c9eb971f4cfcbefa08cb27b21bc9a7,Customer 87c9eb,True,"{""generated_name"": true}"
73b78f75df448f01b52aee67c38e1b4d,73b78f75df448f01b52aee67c38e1b4d,Customer 73b78f,True,"{""generated_name"": true}"
b0eb9da054d6c677ba2cebec794b7c4f,b0eb9da054d6c677ba2cebec794b7c4f,Customer b0eb9d,True,"{""generated_name"": true}"
c1099629bd44f439554021f60cdb120c,c1099629bd44f439554021f60cdb120c,Customer c10996,True,"{""generated_name"": true}"
8266a33ae45def22e9a5142f504746f1,8266a33ae45def22e9a5142f504746f1,Customer 8266a3,True,"{""generated_name"": true}"
e01719d1077d8e338be6d5b91b24947d,e01719d1077d8e338be6d5b91b24947d,Customer e01719,True,"{""generated_name"": true}"
a7d4bf537dfe277f70e1b63a2ad1534b,a7d4bf537dfe277f70e1b63a2ad1534b,Customer a7d4bf,True,"{""generated_name"": true}"
730ae8c327cf72c645de5fd7238ae4dc,730ae8c327cf72c645de5fd7238ae4dc,Customer 730ae8,True,"{""generated_name"": true}"
e6d511bd228c7136272472a56c6672dd,e6d511bd228c7136272472a56c6672dd,Customer e6d511,True,"{""generated_name"": true}"
fc7e3fe2d8e68979e897570254ee78a1,fc7e3fe2d8e68979e897570254ee78a1,Customer fc7e3f,True,"{""generated_name"": true}"
5a0fd5d12f969cf5b9f81b5e6798955b,5a0fd5d12f969cf5b9f81b5e6798955b,Customer 5a0fd5,True,"{""generated_name"": true}"
fd1df4bcd96b397659b947c5c8508c1f,fd1df4bcd96b397659b947c5c8508c1f,Customer fd1df4,True,"{""generated_name"": true}"
917aaf420bc9836da7af3ea67743c3b2,917aaf420bc9836da7af3ea67743c3b2,Customer 917aaf,True,"{""generated_name"": true}"
0895c61a77b305efdfad13596c749c60,0895c61a77b305efdfad13596c749c60,Customer 0895c6,True,"{""generated_name"": true}"
69f2934ad8b50cc05587a94cc7d68fc9,69f2934ad8b50cc05587a94cc7d68fc9,Customer 69f293,True,"{""generated_name"": true}"
d138c16eb8e4cc30948260a057a66687,d138c16eb8e4cc30948260a057a66687,Customer d138c1,True,"{""generated_name"": true}"
d8f5ee4b76c82faf04e01c0b5bd5e9ed,d8f5ee4b76c82faf04e01c0b5bd5e9ed,Customer d8f5ee,True,"{""generated_name"": true}"
70cfa73f84331fd808c8e1bf10f6213d,70cfa73f84331fd808c8e1bf10f6213d,Customer 70cfa7,True,"{""generated_name"": true}"
1a8ad9a412cd86236a086b3b2ac3e102,1a8ad9a412cd86236a086b3b2ac3e102,Customer 1a8ad9,True,"{""generated_name"": true}"
0ec5bddf9b389fa7c737a2db61b6577d,0ec5bddf9b389fa7c737a2db61b6577d,Customer 0ec5bd,True,"{""generated_name"": true}"
00c3c74b09b2022ac2c0f43bb09797b4,00c3c74b09b2022ac2c0f43bb09797b4,Customer 00c3c7,True,"{""generated_name"": true}"
1d8723cf8c3104c06962bfc35d7131f4,1d8723cf8c3104c06962bfc35d7131f4,Customer 1d8723,True,"{""generated_name"": true}"
a00dacbc666efe1dadcc55a56a62603a,a00dacbc666efe1dadcc55a56a62603a,Customer a00dac,True,"{""generated_name"": true}"
e97b18fc8c6d72975f8689f4a1829080,e97b18fc8c6d72975f8689f4a1829080,Customer e97b18,True,"{""generated_name"": true}"
a0f619ac6cd2d9cc9194f265dac97d9e,a0f619ac6cd2d9cc9194f265dac97d9e,Customer a0f619,True,"{""generated_name"": true}"
f0a61cf47535afda9d4454c9449e63e5,f0a61cf47535afda9d4454c9449e63e5,Customer f0a61c,True,"{""generated_name"": true}"
30ec1e42686b488e353712bcde544e5d,30ec1e42686b488e353712bcde544e5d,Customer 30ec1e,True,"{""generated_name"": true}"
0bd8244133096b90feb71dcb6e496ae8,0bd8244133096b90feb71dcb6e496ae8,Customer 0bd824,True,"{""generated_name"": true}"
40a01c0e311a2ab2fe2c62fa17e602af,40a01c0e311a2ab2fe2c62fa17e602af,Customer 40a01c,True,"{""generated_name"": true}"
e93a8bc2dfece11ec9cdef4439222acb,e93a8bc2dfece11ec9cdef4439222acb,Customer e93a8b,True,"{""generated_name"": true}"
3e43fc8a00d1e9ef2879b0e842820155,3e43fc8a00d1e9ef2879b0e842820155,Customer 3e43fc,True,"{""generated_name"": true}"
bc5b38c4913692426b92b0d40a6ddc1f,bc5b38c4913692426b92b0d40a6ddc1f,Customer bc5b38,True,"{""generated_name"": true}"
8ae26e6db04aeaccf8c41a55ad87521c,8ae26e6db04aeaccf8c41a55ad87521c,Customer 8ae26e,True,"{""generated_name"": true}"
fb3e55014819eef5745a9c6c7a5444f7,fb3e55014819eef5745a9c6c7a5444f7,Customer fb3e55,True,"{""generated_name"": true}"
5ceb31e960b2c44e38fa80db623b26bf,5ceb31e960b2c44e38fa80db623b26bf,Customer 5ceb31,True,"{""generated_name"": true}"
b8d36e8551a637e3bb847456069fae9b,b8d36e8551a637e3bb847456069fae9b,Customer b8d36e,True,"{""generated_name"": true}"
3dc2cc07a33edae5d8588063b1c85438,3dc2cc07a33edae5d8588063b1c85438,Customer 3dc2cc,True,"{""generated_name"": true}"
9159c04b88895d995741dd5b9b7a5f1d,9159c04b88895d995741dd5b9b7a5f1d,Customer 9159c0,True,"{""generated_name"": true}"
96fc491a6ce0aa111de859fcb5411da9,96fc491a6ce0aa111de859fcb5411da9,Customer 96fc49,True,"{""generated_name"": true}"
7c269c094eb72fe67154b16e18f88ec7,7c269c094eb72fe67154b16e18f88ec7,Customer 7c269c,True,"{""generated_name"": true}"
f734a4e29dceee80c8f0a7e318d6ad34,f734a4e29dceee80c8f0a7e318d6ad34,Customer f734a4,True,"{""generated_name"": true}"
1028ab5aecbcdfe221a761830f0f8f24,1028ab5aecbcdfe221a761830f0f8f24,Customer 1028ab,True,"{""generated_name"": true}"
3126c1a8c6c019ac92c7adfe193e6c75,3126c1a8c6c019ac92c7adfe193e6c75,Customer 3126c1,True,"{""generated_name"": true}"
7cb20dd79b4b5bfda52b712000a30de5,7cb20dd79b4b5bfda52b712000a30de5,Customer 7cb20d,True,"{""generated_name"": true}"
6cde5ed6a701131f96b598d4490ce710,6cde5ed6a701131f96b598d4490ce710,Customer 6cde5e,True,"{""generated_name"": true}"
87eeca1f7606db239a54f786e6a46c9b,87eeca1f7606db239a54f786e6a46c9b,Customer 87eeca,True,"{""generated_name"": true}"
e7fdb450df9cb5915176faf3c938d1fd,e7fdb450df9cb5915176faf3c938d1fd,Customer e7fdb4,True,"{""generated_name"": true}"
c9ff95ec8ee314da72d3b0bbea265616,c9ff95ec8ee314da72d3b0bbea265616,Customer c9ff95,True,"{""generated_name"": true}"
a0858dd9227559842a82c2cf773081cd,a0858dd9227559842a82c2cf773081cd,Customer a0858d,True,"{""generated_name"": true}"
91877c47c40137d5c7226bdae4e47ba2,91877c47c40137d5c7226bdae4e47ba2,Customer 91877c,True,"{""generated_name"": true}"
5bb6aa0c66768142a9da3b6751b1fbbf,5bb6aa0c66768142a9da3b6751b1fbbf,Customer 5bb6aa,True,"{""generated_name"": true}"
38cfe0709a4c787caaf63fcce697b8e3,38cfe0709a4c787caaf63fcce697b8e3,Customer 38cfe0,True,"{""generated_name"": true}"
22d47c0d3a0a3d5667b73a5f1d8bb20a,22d47c0d3a0a3d5667b73a5f1d8bb20a,Customer 22d47c,True,"{""generated_name"": true}"
ec39f1e8b8321e93194fd73693d4f920,ec39f1e8b8321e93194fd73693d4f920,Customer ec39f1,True,"{""generated_name"": true}"
cfd472b63cf204c38bc6614b64e379f2,cfd472b63cf204c38bc6614b64e379f2,Customer cfd472,True,"{""generated_name"": true}"
7f5da5066c49789a1f5e6371e7d72e8e,7f5da5066c49789a1f5e6371e7d72e8e,Customer 7f5da5,True,"{""generated_name"": true}"
25ee64833b4517bbd910f6f981859626,25ee64833b4517bbd910f6f981859626,Customer 25ee64,True,"{""generated_name"": true}"
2efd222acea6e5b2c294ea65af6424f5,2efd222acea6e5b2c294ea65af6424f5,Customer 2efd22,True,"{""generated_name"": true}"
f81481ce999df3f2f60fa451813f7e2f,f81481ce999df3f2f60fa451813f7e2f,Customer f81481,True,"{""generated_name"": true}"
a3c09de4545ea911aa36f25211ddf483,a3c09de4545ea911aa36f25211ddf483,Customer a3c09d,True,"{""generated_name"": true}"
6594a65023bcb47539aa91b0f8e98e00-variant,6594a65023bcb47539aa91b0f8e98e00-variant,ACME HOLDINGS LTDA,True,"{""fault_id"": ""A"", ""canonical_external_id"": ""6594a65023bcb47539aa91b0f8e98e00""}"
