id,counterparty_id,total,shipping,issued_at,status,source,simulated,meta
8e99a2cfed539d7ef02eabb5551d98d2,c9a979c8f93f719d42714fd0649b0bf2,12309,1619,2017-12-01T00:01:14+00:00,open,olist,False,"{""seller_ids"": [""5c243662ce92d84573bfaff24c3e3700""], ""order_status"": ""delivered"", ""customer_state"": ""BA"", ""item_prices"": [10690]}"
e7df3fcd195fafd25a46f580fc96c9f3,90f718695747b51939085c20ef742241,3009,1510,2017-12-01T00:05:35+00:00,open,olist,False,"{""seller_ids"": [""582d4f8675b945722eda7c0cb61ba4c7""], ""order_status"": ""delivered"", ""customer_state"": ""PR"", ""item_prices"": [1499]}"
33f45d9ef97405c50d2f7c3072bb063e,798df450279c57bc9f7a612ded13695e,6300,1510,2017-12-01T00:05:39+00:00,open,olist,False,"{""seller_ids"": [""d3f39f05462b79a4562d35893a28f159""], ""order_status"": ""delivered"", ""customer_state"": ""MG"", ""item_prices"": [4790]}"
77e63cacbf44d28c73e6ad56e430f477,1f9c999a258e902ad91126ccfce5242f,7886,1896,2017-12-01T00:13:14+00:00,open,olist,False,"{""seller_ids"": [""b88e7c57cb2d8b973b7dd4a2bfa14b36""], ""order_status"": ""delivered"", ""customer_state"": ""ES"", ""item_prices"": [5990]}"
7f2765cc6719de94716ce2c081b27f02,0b71e6282e1f0bb4b4b46d4fd012c100,19500,2010,2017-12-01T00:17:43+00:00,open,olist,False,"{""seller_ids"": [""1f9ab4708f3056ede07124aad39a2554""], ""order_status"": ""delivered"", ""customer_state"": ""SP"", ""item_prices"": [17490]}"
bb3463b1de5e29d8d574a1e422777763,b45fea9f2c0bb83348c7fc3d17bf7639,31110,1111,2017-12-01T01:39:25+00:00,open,olist,False,"{""seller_ids"": [""46dc3b2cc0980fb8ec44634e21d2718e""], ""order_status"": ""delivered"", ""customer_state"": ""RJ"", ""item_prices"": [29999]}"
0f0add4f85838c9195ce0ce66cceff8a,24e998dbc3458fe7b77b370e6d10ba57,142556,2556,2017-12-01T01:39:26+00:00,open,olist,False,"{""seller_ids"": [""2bf6a2c1e71bbd29a4ad64e6d3c3629f""], ""order_status"": ""delivered"", ""customer_state"": ""SP"", ""item_prices"": [140000]}"
83f4ef880ab532703def37dd9c0e7348,64318e7cf2812fe20d69128528d52f5b,7214,1515,2017-12-01T01:39:58+00:00,open,olist,False,"{""seller_ids"": [""cc419e0650a3c5ba77189a1882b7556a""], ""order_status"": ""delivered"", ""customer_state"": ""PR"", ""item_prices"": [5699]}"
1e569d6eaaa4dee08f4b054b65f97134,1623bb8272e54fa0a9eb93aa4895adbd,9834,944,2017-12-01T01:40:55+00:00,open,olist,False,"{""seller_ids"": [""f41ce2e25237f9092cd8e6e7516c7a2f""], ""order_status"": ""delivered"", ""customer_state"": ""SP"", ""item_prices"": [8890]}"
5fab005ced5596f6f711ea0b99d77100,cb1773ccb80012b3cbe87a1eb8c17428,5259,1269,2017-12-01T01:41:20+00:00,open,olist,False,"{""seller_ids"": [""76d5af76d0271110f9af36c92573f765""], ""order_status"": ""delivered"", ""customer_state"": ""SP"", ""item_prices"": [3990]}"
8f72b04d200c6c098df28f20abe1d4ce,b10199c01d6933cb94c126e0ade1b158,7988,1198,2017-12-01T01:42:19+00:00,open,olist,False,"{""seller_ids"": [""dee656f0f566ed1aa85bd137c943f08f""], ""order_status"": ""delivered"", ""customer_state"": ""SP"", ""item_prices"": [6790]}"
e22f8395265cb423def2d5c028f0f34b,b703d83e085a6a8b339dc548f4878ca8,0,0,2017-12-01T01:42:22+00:00,cancelled,olist,False,"{""seller_ids"": [], ""order_status"": ""canceled"", ""customer_state"": ""RJ"", ""item_prices"": []}"
7b74647ef95b9578401bd8a4f723b301,b703d83e085a6a8b339dc548f4878ca8,14517,3317,2017-12-01T01:42:46+00:00,open,olist,False,"{""seller_ids"": [""001cca7ae9ae17fb1caed9dfb1094831""], ""order_status"": ""delivered"", ""customer_state"": ""RJ"", ""item_prices"": [11200]}"
0bdb173bda4bf7e4109fe707c309252a,a419dd7dfd2ca5800069304fde68e3b9,13295,1805,2017-12-01T01:54:12+00:00,open,olist,False,"{""seller_ids"": [""a3a38f4affed601eb87a97788c949667""], ""order_status"": ""delivered"", ""customer_state"": ""RS"", ""item_prices"": [11490]}"
48c5c0e8b2601862cebafe7fad2142f9,48343014be411017d2b2e94f11a4ed63,3681,811,2017-12-01T03:16:01+00:00,open,olist,False,"{""seller_ids"": [""e5a3438891c0bfdb9394643f95273d8e""], ""order_status"": ""shipped"", ""customer_state"": ""SP"", ""item_prices"": [2870]}"
1af8d93c6e62a97baeb370a572abe758,4c83ee458fa2f463b069ecce3d74fb1e,6517,1517,2017-12-01T03:16:52+00:00,open,olist,False,"{""seller_ids"": [""7299e27ed73d2ad986de7f7c77d919fa""], ""order_status"": ""delivered"", ""customer_state"": ""SP"", ""item_prices"": [5000]}"
e024c4b9445d223aaf705871900bf5e1,00dba3af1366ca8114a40bc83021f5e9,14618,2688,2017-12-01T04:19:27+00:00,open,olist,False,"{""seller_ids"": [""391fc6631aebcf3004804e51b40bcf1e""], ""order_status"": ""delivered"", ""customer_state"": ""SP"", ""item_prices"": [5965, 5965]}"
807cabbf50cda6f87625bd1c61a6977c,3ca67cf83218dedd76e9f900261e3b27,4578,1579,2017-12-01T06:27:58+00:00,open,olist,False,"{""seller_ids"": [""95e03ca3d4146e4011985981aeb959b9""], ""order_status"": ""delivered"", ""customer_state"": ""RS"", ""item_prices"": [2999]}"
b55194d272b7e65501f2d19906f38060,9a1b0b7614967e0ed49dce75c4a285f2,12792,1802,2017-12-01T06:57:04+00:00,open,olist,False,"{""seller_ids"": [""a3a38f4affed601eb87a97788c949667""], ""order_status"": ""delivered"", ""customer_state"": ""RS"", ""item_prices"": [10990]}"
f049e19134a95d09c806851a5ea1872e,2fe074ea3cc24b8fd57d29effc995f8b,3175,1185,2017-12-01T07:15:07+00:00,open,olist,False,"{""seller_ids"": [""4a3ca9315b744ce9f8e9374361493884""], ""order_status"": ""delivered"", ""customer_state"": ""SP"", ""item_prices"": [1990]}"
64d530ee7914438bb094a16e225c7cad,0a1900255aeff59cad6626afe47f1997,15821,1921,2017-12-01T07:45:42+00:00,open,olist,False,"{""seller_ids"": [""adbc26658d6c7b4b6219f9d934598091""], ""order_status"": ""delivered"", ""customer_state"": ""MG"", ""item_prices"": [13900]}"
a396a3ced410ba6d02ebb907e5c34530,77d730851ce35e9b3f2cc1f8b92b03c9,12020,3222,2017-12-01T08:04:37+00:00,open,olist,False,"{""seller_ids"": [""f63d8f293af3a6454377546bd9dd19ff""], ""order_status"": ""delivered"", ""customer_state"": ""MS"", ""item_prices"": [4399, 4399]}"
ea4bb4fa30c5a1548498436f448383af,271df0a7b98c752f9717a693bb33cafd,8523,1524,2017-12-01T08:10:47+00:00,open,olist,False,"{""seller_ids"": [""c9c7905cffc4ef9ff9f113554423e671""], ""order_status"": ""delivered"", ""customer_state"": ""MG"", ""item_prices"": [6999]}"
62a6791b270d5f309cfe9671c0eca61a,f832d8f651b17291aa60556ebdbaea2d,3669,1679,2017-12-01T08:13:46+00:00,open,olist,False,"{""seller_ids"": [""87142160b41353c4e5fca2360caf6f92""], ""order_status"": ""delivered"", ""customer_state"": ""MG"", ""item_prices"": [1990]}"
e52d6fd1fb812c9f263fd19fddb957d9,3b3a25d327343af47148701d883ab92e,17076,5076,2017-12-01T08:36:14+00:00,open,olist,False,"{""seller_ids"": [""897060da8b9a21f655304d50fd935913""], ""order_status"": ""delivered"", ""customer_state"": ""SP"", ""item_prices"": [3000, 3000, 3000, 3000]}"
7319bf0ded2ef22e7388002ce157a95a,366099d1fc91479a59fa878693b55efc,12109,2119,2017-12-01T08:38:26+00:00,open,olist,False,"{""seller_ids"": [""3ca08eeb8d5595949fed424bd3677742""], ""order_status"": ""delivered"", ""customer_state"": ""SC"", ""item_prices"": [9990]}"
dac20199c3b53e630f19bf3dc1744bba,0783cb00028b2271dca70a603e36a447,8121,2122,2017-12-01T08:41:02+00:00,open,olist,False,"{""seller_ids"": [""a416b6a846a11724393025641d4edd5e""], ""order_status"": ""delivered"", ""customer_state"": ""RN"", ""item_prices"": [5999]}"
b8e050c168370eed245ccf612471a597,c39cba687c7732b71518a21ecc2cb4b2,23446,1456,2017-12-01T08:43:40+00:00,open,olist,False,"{""seller_ids"": [""4869f7a5dfa277a7dca6462dcf3b52b2""], ""order_status"": ""delivered"", ""customer_state"": ""SP"", ""item_prices"": [21990]}"
cdaa3fb8ca6c3e104eb00fe8a33c88f6,27808c110b4a1fe559638bf911ff227d,4049,1679,2017-12-01T08:44:58+00:00,open,olist,False,"{""seller_ids"": [""8b321bb669392f5163d04c59e235e066""], ""order_status"": ""delivered"", ""customer_state"": ""MT"", ""item_prices"": [2370]}"
e62ce4c0697f4df07743beb01dae7ded,97f45d4f9959f08764ea7bcda122e8c3,3145,1185,2017-12-01T08:46:08+00:00,open,olist,False,"{""seller_ids"": [""57fe6232e67823593374a2281d7a8af8""], ""order_status"": ""delivered"", ""customer_state"": ""SP"", ""item_prices"": [1960]}"
213014b043512462e21606eccb1a4aae,9a2054a51cf807e1fa4bee356f28a9c6,14304,2334,2017-12-01T08:49:02+00:00,open,olist,False,"{""seller_ids"": [""1430239a858e7682bbc43b20758af153""], ""order_status"": ""delivered"", ""customer_state"": ""SP"", ""item_prices"": [3990, 3990, 3990]}"
99c9fec8ab028336e605f216e55337e6,833aa52735ad47163e479b4684b0f82e,6500,1510,2017-12-01T09:05:03+00:00,open,olist,False,"{""seller_ids"": [""7178f9f4dd81dcef02f62acdf8151e01""], ""order_status"": ""delivered"", ""customer_state"": ""PR"", ""item_prices"": [4990]}"
d28e453f6e9b4d972a755ee769b9835b,384d030cbc406cbce07e8427aa07b88a,25048,1049,2017-12-01T09:06:21+00:00,open,olist,False,"{""seller_ids"": [""f262cbc1c910c83959f849465454ddd3""], ""order_status"": ""delivered"", ""customer_state"": ""SP"", ""item_prices"": [23999]}"
ad407659bb666af1f681e7ffa1f9e6aa,4a1e99ce3e140ac9dee0339d1712b7db,17698,7798,2017-12-01T09:07:15+00:00,open,olist,False,"{""seller_ids"": [""bfd27a966d91cfaafdb25d076585f0da""], ""order_status"": ""delivered"", ""customer_state"": ""BA"", ""item_prices"": [9900]}"
039681a3b797611f717a3232e87f60ef,745c617eae511cb90924075d841e7b95,8521,1871,2017-12-01T09:10:28+00:00,open,olist,False,"{""seller_ids"": [""6cd68b3ed6d59aaa9fece558ad360c0a""], ""order_status"": ""delivered"", ""customer_state"": ""MS"", ""item_prices"": [6650]}"
b9cbf1e1ae5d599ed61a06f92b1eabe6,5caed5b69635770ef574067e85255c52,6378,778,2017-12-01T09:10:28+00:00,open,olist,False,"{""seller_ids"": [""6560211a19b47992c3666cc44a7e94c0""], ""order_status"": ""delivered"", ""customer_state"": ""SP"", ""item_prices"": [5600]}"
23ac58266e694557a7c7da266ed6c316,06ac67aef7797f7d7bca9a777136b752,6109,1510,2017-12-01T09:10:30+00:00,open,olist,False,"{""seller_ids"": [""4830e40640734fc1c52cd21127c341d4""], ""order_status"": ""delivered"", ""customer_state"": ""MG"", ""item_prices"": [4599]}"
1595ad12e30eb87fdcd5fc501f7f93e9,1a2064ab78800fa8e19c46e40942cc0c,13205,906,2017-12-01T09:20:34+00:00,open,olist,False,"{""seller_ids"": [""c826c40d7b19f62a09e2d7c5e7295ee2""], ""order_status"": ""delivered"", ""customer_state"": ""SP"", ""item_prices"": [12299]}"
2d7d78a1457c3765a5ee5dcae46046fd,c450d45f5d533d91e3dd695b08b55a36,25794,1405,2017-12-01T09:21:34+00:00,open,olist,False,"{""seller_ids"": [""dd55f1bb788714a40e7954c3be6df745""], ""order_status"": ""delivered"", ""customer_state"": ""SP"", ""item_prices"": [24389]}"
99fa6518deac14b2890b49d1645d64be,55f8517e3e572aa06923169cf5d0b011,9558,1359,2017-12-01T09:21:49+00:00,open,olist,False,"{""seller_ids"": [""d1c281d3ae149232351cd8c8cc885f0d""], ""order_status"": ""delivered"", ""customer_state"": ""SP"", ""item_prices"": [8199]}"
e23ad32d5c15d9ad308baddc6262afea,3e43e6105506432c953e165fb2acf44c,11540,1793,2017-12-01T09:30:36+00:00,open,olist,False,"{""seller_ids"": [""f1ed6bd0a9b11b581f16c851c6a5a527""], ""order_status"": ""delivered"", ""customer_state"": ""SP"", ""item_prices"": [9747]}"
f2b65e04ebfd135c2194e2c36a9d821e,215cc2b07a8142021155670b573a671f,7678,778,2017-12-01T09:35:20+00:00,open,olist,False,"{""seller_ids"": [""6560211a19b47992c3666cc44a7e94c0""], ""order_status"": ""delivered"", ""customer_state"": ""SP"", ""item_prices"": [6900]}"
27587cc5a5f975239e49460102252868,6594a65023bcb47539aa91b0f8e98e00,12117,2119,2017-12-01T09:38:42+00:00,open,olist,False,"{""seller_ids"": [""e99e927c81e3f51739c94fcdfca9f10f""], ""order_status"": ""delivered"", ""customer_state"": ""RJ"", ""item_prices"": [9998]}"
8acd3c67960fe58a4eeed4d38cb3d578,a2c15de05ef380b5a7eaf915898926db,10528,1538,2017-12-01T09:43:01+00:00,open,olist,False,"{""seller_ids"": [""670a9dda115b5a88b18cfadee8de2332""], ""order_status"": ""delivered"", ""customer_state"": ""RJ"", ""item_prices"": [8990]}"
c9a88d4905eaf518dd4a6fb776134990,f148041f970c084006b2a719e9459a8e,11180,1190,2017-12-01T09:49:08+00:00,open,olist,False,"{""seller_ids"": [""bd23da7354813347129d751591d1a6e2""], ""order_status"": ""delivered"", ""customer_state"": ""SP"", ""item_prices"": [9990]}"
a5d81ef92239f2dfe3b2aef1416077aa,3096afde2d10fa3f4520f993ac9ffa96,13860,1561,2017-12-01T09:53:57+00:00,open,olist,False,"{""seller_ids"": [""c826c40d7b19f62a09e2d7c5e7295ee2""], ""order_status"": ""delivered"", ""customer_state"": ""RS"", ""item_prices"": [12299]}"
3a67e05f7b4f7fe736e90e6acc8689b3,a4855898fe5347ef4ec54192c7053768,35651,6051,2017-12-01T09:54:21+00:00,open,olist,False,"{""seller_ids"": [""76d5af76d0271110f9af36c92573f765""], ""order_status"": ""delivered"", ""customer_state"": ""PI"", ""item_prices"": [29600]}"
da25492a616ea75359094ce9180d2691,5ed68fbea058394fe9017715f735f89e,18880,1882,2017-12-01T09:59:13+00:00,open,olist,False,"{""seller_ids"": [""cc419e0650a3c5ba77189a1882b7556a""], ""order_status"": ""delivered"", ""customer_state"": ""SP"", ""item_prices"": [8499, 8499]}"
e43a18300d40c9a864931b5ebb5b3352,21fbbe880ef907377e90229f91a02801,5678,1679,2017-12-01T10:05:42+00:00,open,olist,False,"{""seller_ids"": [""d98eec89afa3380e14463da2aabaea72""], ""order_status"": ""delivered"", ""customer_state"": ""MG"", ""item_prices"": [3999]}"
9f152df03010e6512d7911ee3d51a2de,d8bb7fd9a4b36e5f1d0d7f7dc9b66cca,14838,1848,2017-12-01T10:05:53+00:00,open,olist,False,"{""seller_ids"": [""de23c3b98a88888289c6f5cc1209054a""], ""order_status"": ""delivered"", ""customer_state"": ""BA"", ""item_prices"": [12990]}"
f5763c685bf8e3a552c2fcaa60aaa868,f40ecb069c4acc54019e3912a48c21e5,7699,1699,2017-12-01T10:06:23+00:00,open,olist,False,"{""seller_ids"": [""855668e0971d4dfd7bef1b6a4133b41b""], ""order_status"": ""delivered"", ""customer_state"": ""BA"", ""item_prices"": [6000]}"
197be0df90e5b459a14669e32c8ce1ff,1dfde15592f9f515c05afa0a58075f25,11428,1429,2017-12-01T10:07:12+00:00,open,olist,False,"{""seller_ids"": [""46dc3b2cc0980fb8ec44634e21d2718e""], ""order_status"": ""delivered"", ""customer_state"": ""RJ"", ""item_prices"": [9999]}"
cfbf483c7d7176367a983006d36de1f9,073b3547c939512360420845181cd3b7,12401,4501,2017-12-01T10:11:30+00:00,open,olist,False,"{""seller_ids"": [""3d871de0142ce09b7081e2b9d1733cb1""], ""order_status"": ""delivered"", ""customer_state"": ""SC"", ""item_prices"": [7900]}"
f9207b5726780645ebba8401ccc336c6,a3b604670572162b5f9fecffaab090ce,10062,1363,2017-12-01T10:15:33+00:00,open,olist,False,"{""seller_ids"": [""7aa4334be125fcdd2ba64b3180029f14""], ""order_status"": ""delivered"", ""customer_state"": ""SP"", ""item_prices"": [8699]}"
7eae04ada6ffa5ce119fe7526c8d77d5,6aff90e0a744227f717c3bc35acf3818,65822,1823,2017-12-01T10:20:48+00:00,open,olist,False,"{""seller_ids"": [""056b4ada5bbc2c50cc7842547dda6b51""], ""order_status"": ""delivered"", ""customer_state"": ""SP"", ""item_prices"": [63999]}"
bf8a5f3ed4349bd5873e69a7bf24afdd,56e3a158ef88285f2c15a83db0b13d93,11261,1371,2017-12-01T10:30:46+00:00,open,olist,False,"{""seller_ids"": [""e9bc59e7b60fc3063eb2290deda4cced""], ""order_status"": ""delivered"", ""customer_state"": ""SP"", ""item_prices"": [9890]}"
2452ee5125bebf2bf5ad486a22d155f8,a836949b8cf583b1868d8d7ea4ca1614,16479,1579,2017-12-01T10:32:10+00:00,open,olist,False,"{""seller_ids"": [""b33e7c55446eabf8fe1a42d037ac7d6d""], ""order_status"": ""delivered"", ""customer_state"": ""RS"", ""item_prices"": [14900]}"
fef00682c5632c29ceb8729e3314371d,727a7af284480a3e04b14a527f8b09e4,17357,1367,2017-12-01T10:38:09+00:00,open,olist,False,"{""seller_ids"": [""70eea00b476a314817cefde4aad4f89a""], ""order_status"": ""delivered"", ""customer_state"": ""SP"", ""item_prices"": [15990]}"
042ce41927758767ec2aa0de06486b4c,1479d41bbd302e37d1316c996c1f55ae,59277,2287,2017-12-01T10:39:13+00:00,open,olist,False,"{""seller_ids"": [""dd533b429f380718b70ad9922c294bae""], ""order_status"": ""processing"", ""customer_state"": ""MG"", ""item_prices"": [56990]}"
643c6388737fabccf1b2df09b4b68703,b0029d0771588d41e23553aa22cdf95d,6400,1410,2017-12-01T10:42:32+00:00,open,olist,False,"{""seller_ids"": [""4c2b230173bb36f9b240f2b8ac11786e""], ""order_status"": ""delivered"", ""customer_state"": ""MG"", ""item_prices"": [4990]}"
78d80f8efd220a6a3b81a6cd1b9737e1,8ba288e396a0a48fd28eacc09f43b085,4710,1510,2017-12-01T10:45:24+00:00,open,olist,False,"{""seller_ids"": [""643214e62b870443ccbe55ab29a4dccf""], ""order_status"": ""delivered"", ""customer_state"": ""MG"", ""item_prices"": [3200]}"
c91b29576f970b27d90f5b214c88283f,fec96cd46fad4b51d84fdac82c88e4db,7377,1697,2017-12-01T10:46:18+00:00,open,olist,False,"{""seller_ids"": [""013900e863eace745d3ec7614cab5b1a""], ""order_status"": ""delivered"", ""customer_state"": ""MG"", ""item_prices"": [5680]}"
20964c77d7bb845d228094e71ea28101,6f984cb70006e5af276f7765f3eb3992,11574,3594,2017-12-01T10:46:22+00:00,open,olist,False,"{""seller_ids"": [""95f83f51203c626648c875dd41874c7f""], ""order_status"": ""delivered"", ""customer_state"": ""SP"", ""item_prices"": [3990, 3990]}"
00bd8cf08fa3998ea6ad6d16c2165822,4cfea1c0d66ed41b769d78040e59fa73,3428,1248,2017-12-01T10:47:44+00:00,open,olist,False,"{""seller_ids"": [""0509040ea3fe50071181bbc359eb7738""], ""order_status"": ""delivered"", ""customer_state"": ""MG"", ""item_prices"": [2180]}"
a98fe09b46d38252ffe1bcccb1a6641b,9dcd4e3d159ef86072afb542f17d5641,4969,1679,2017-12-01T10:49:12+00:00,open,olist,False,"{""seller_ids"": [""e63e8bfa530fb16910dd6956e592bb81""], ""order_status"": ""delivered"", ""customer_state"": ""MG"", ""item_prices"": [3290]}"
cc6002db285464dcb2db31b6dc81f78c,a3f67d68f7506c76a420c5f2a0e41460,6400,1410,2017-12-01T10:53:08+00:00,open,olist,False,"{""seller_ids"": [""f4a04f7be452aa3bb31760bf00055dd0""], ""order_status"": ""delivered"", ""customer_state"": ""GO"", ""item_prices"": [4990]}"
a03dd4329530db7fc4201347345864c5,c6ffc8db817fa2d51f5228864c055cdc,8872,1775,2017-12-01T10:57:07+00:00,open,olist,False,"{""seller_ids"": [""7aa4334be125fcdd2ba64b3180029f14""], ""order_status"": ""delivered"", ""customer_state"": ""RJ"", ""item_prices"": [7097]}"
c15509fbb2f63d140e9f78220c6163e6,782fa011637ad33d9dc48856380df409,10778,1788,2017-12-01T11:01:09+00:00,open,olist,False,"{""seller_ids"": [""41b39e28db005d9731d9d485a83b4c38""], ""order_status"": ""delivered"", ""customer_state"": ""MG"", ""item_prices"": [8990]}"
014176e9538672a32d2a9b73bf53a31f,0fd8ff3aed86ac28b280a2b352cd7689,15664,1674,2017-12-01T11:01:28+00:00,open,olist,False,"{""seller_ids"": [""b2ba3715d723d245138f291a6fe42594""], ""order_status"": ""delivered"", ""customer_state"": ""MG"", ""item_prices"": [13990]}"
b5839f6ef0df11dd4912bc5bfa299e3f,bb2b2aec0c5c877e68061f41eef52016,2500,1510,2017-12-01T11:02:53+00:00,open,olist,False,"{""seller_ids"": [""8b321bb669392f5163d04c59e235e066""], ""order_status"": ""delivered"", ""customer_state"": ""PR"", ""item_prices"": [990]}"
f8f71fc4d28872b4d80e802d58d73c27,f9675a69fd667de8b891bd7506f14a4a,6601,1611,2017-12-01T11:04:16+00:00,open,olist,False,"{""seller_ids"": [""cca3071e3e9bb7d12640c9fbe2301306""], ""order_status"": ""delivered"", ""customer_state"": ""RJ"", ""item_prices"": [4990]}"
4f922bb38b84918b2711a293c04055aa,5ebe183df26c51bcfb30f709ea794080,10678,1688,2017-12-01T11:05:34+00:00,open,olist,False,"{""seller_ids"": [""a49928bcdf77c55c6d6e05e09a9b4ca5""], ""order_status"": ""delivered"", ""customer_state"": ""MG"", ""item_prices"": [8990]}"
ee1de1bcd287c6d9584b5e78d1b534be,978c8ffba59f7650d77198236ada2e26,19699,1799,2017-12-01T11:05:40+00:00,open,olist,False,"{""seller_ids"": [""63b464dbf392c7b80d12d932fa7cafed""], ""order_status"": ""delivered"", ""customer_state"": ""SP"", ""item_prices"": [17900]}"
52993856cd387ab5a4dd553e66dbdc6c,2badb89298df400ba5c894b963a044b5,36499,1619,2017-12-01T11:07:11+00:00,open,olist,False,"{""seller_ids"": [""fa1c13f2614d7b5c4749cbc52fecda94""], ""order_status"": ""delivered"", ""customer_state"": ""RJ"", ""item_prices"": [34880]}"
366f322ad95ebd9a14346c9f8425a68b,732fcda8c52d36068fec11e6a61f73e8,17999,1000,2017-12-01T11:07:35+00:00,open,olist,False,"{""seller_ids"": [""f262cbc1c910c83959f849465454ddd3""], ""order_status"": ""delivered"", ""customer_state"": ""SP"", ""item_prices"": [16999]}"
c6697f0b5a341cb2e357e996c100664a,7311b47a208b4f5af09ccc62fafea9e2,13195,1705,2017-12-01T11:09:24+00:00,open,olist,False,"{""seller_ids"": [""0ed6ce5d87fd9c69eaacaeb778d67235""], ""order_status"": ""shipped"", ""customer_state"": ""RJ"", ""item_prices"": [11490]}"
7c25901497bcbcd47e95319a15d2730c,a0e2f56981d89ed966ffc3fa68c6466e,33348,1436,2017-12-01T11:10:01+00:00,open,olist,False,"{""seller_ids"": [""1c68394e931a64f90ea236c5ea590300""], ""order_status"": ""delivered"", ""customer_state"": ""SP"", ""item_prices"": [31912]}"
b1d22c557be74f08bc72282e60ee1e4a,6f5de0a511d5e82fbd0cc9289ac9aa23,13559,1559,2017-12-01T11:10:34+00:00,open,olist,False,"{""seller_ids"": [""1dd33b8119b3cb1056ed5dc88cd0aaf4""], ""order_status"": ""delivered"", ""customer_state"": ""ES"", ""item_prices"": [12000]}"
2275c86505ffbdf6aa88cd91bfeeae33,96a9a44255930061d8f6a93d4893d986,4479,1760,2017-12-01T11:10:55+00:00,open,olist,False,"{""seller_ids"": [""98dac6635aee4995d501a3972e047414""], ""order_status"": ""delivered"", ""customer_state"": ""MG"", ""item_prices"": [2719]}"
2058cb04c2f484f6c016669b62e2c3e1,af4a6773a06ca0a24f4b9c5893650e40,6601,1611,2017-12-01T11:12:48+00:00,open,olist,False,"{""seller_ids"": [""3df020b72d3d44b3af9d110fa3940b65""], ""order_status"": ""delivered"", ""customer_state"": ""DF"", ""item_prices"": [4990]}"
981169eaa134f634b547095d9321e3dc,5e7137f3d110ffa67ffd3bd806e8f39c,1678,778,2017-12-01T11:13:50+00:00,open,olist,False,"{""seller_ids"": [""8b321bb669392f5163d04c59e235e066""], ""order_status"": ""delivered"", ""customer_state"": ""SP"", ""item_prices"": [900]}"
dbf6b190a7df1df00c6afaf326098789,0ef74915f9bd7ef70668a50d59b635aa,5372,1173,2017-12-01T11:13:59+00:00,open,olist,False,"{""seller_ids"": [""070d165398b553f3b4b851c216b8a358""], ""order_status"": ""delivered"", ""customer_state"": ""SP"", ""item_prices"": [4199]}"
05c5e3014f8ec516123fd4c74f49b051,ab2cd5cfd198ddfe26f7d208905daddc,4209,1410,2017-12-01T11:14:08+00:00,open,olist,False,"{""seller_ids"": [""aa1eb17b9fdf6dfd546e25c45c7b9235""], ""order_status"": ""delivered"", ""customer_state"": ""RJ"", ""item_prices"": [2799]}"
be898fe8e3213cd0d57464c0b1284b99,863bdd77d135015fc5c250a5255864a6,61965,3938,2017-12-01T11:15:02+00:00,open,olist,False,"{""seller_ids"": [""34d1ca11b242c0fee2c834ae8d788566""], ""order_status"": ""delivered"", ""customer_state"": ""PA"", ""item_prices"": [58027]}"
6cd6b68f7a9798a25f718d069608419f,0a677b0577559ca6c6ce9b4c97fba7d0,10501,2511,2017-12-01T11:15:16+00:00,open,olist,False,"{""seller_ids"": [""95e03ca3d4146e4011985981aeb959b9""], ""order_status"": ""delivered"", ""customer_state"": ""PE"", ""item_prices"": [7990]}"
7ab220eedaceff45d6b2bfdad5292a96,0be75d075756fd1b54cb2f7ebfcd6432,9440,941,2017-12-01T11:19:08+00:00,open,olist,False,"{""seller_ids"": [""cc419e0650a3c5ba77189a1882b7556a""], ""order_status"": ""delivered"", ""customer_state"": ""SP"", ""item_prices"": [8499]}"
9e89e45d01fc1c23ba675ab3dfbfa722,ce65f5dccfcee167d6fde61b6f7029fe,31492,1493,2017-12-01T11:20:27+00:00,open,olist,False,"{""seller_ids"": [""46dc3b2cc0980fb8ec44634e21d2718e""], ""order_status"": ""delivered"", ""customer_state"": ""RJ"", ""item_prices"": [29999]}"
6c49d31e69b107dfcd20d06bf4141749,879f0badb54016c5d10cd2164e56f1ac,3801,811,2017-12-01T11:21:03+00:00,open,olist,False,"{""seller_ids"": [""0ea22c1cfbdc755f86b9b54b39c16043""], ""order_status"": ""delivered"", ""customer_state"": ""MG"", ""item_prices"": [2990]}"
fe2cf0b53cf21416269ca17fd38060ab,37058be38f15883c363d658ade716ee9,18848,1858,2017-12-01T11:22:04+00:00,open,olist,False,"{""seller_ids"": [""ce248b21cb2adc36282ede306b7660e5""], ""order_status"": ""delivered"", ""customer_state"": ""SP"", ""item_prices"": [16990]}"
4310f91feaa68e3b065256b3a4debe75,d57abf41b8c0ff61d15d0fc06f21258f,29832,2833,2017-12-01T11:23:13+00:00,open,olist,False,"{""seller_ids"": [""d50d79cb34e38265a8649c383dcffd48""], ""order_status"": ""delivered"", ""customer_state"": ""SP"", ""item_prices"": [26999]}"
4802922b16a37af8db6fb3df54b07860,b1225386ce404a49a244390535d07f92,7114,1415,2017-12-01T11:25:38+00:00,open,olist,False,"{""seller_ids"": [""cc419e0650a3c5ba77189a1882b7556a""], ""order_status"": ""delivered"", ""customer_state"": ""RJ"", ""item_prices"": [5699]}"
58a18ff759db7b6e8f84744c86b9b461,64c5854c7d6b7c2daa86fb6e8b86c5c5,7634,1854,2017-12-01T11:26:52+00:00,open,olist,False,"{""seller_ids"": [""cfb1a033743668a192316f3c6d1d2671""], ""order_status"": ""delivered"", ""customer_state"": ""SP"", ""item_prices"": [2890, 2890]}"
93222f3437bf5871248bac05a9e60454,211af9953196ee0d130c9e98c1750872,19902,4104,2017-12-01T11:35:29+00:00,open,olist,False,"{""seller_ids"": [""7c67e1448b00f6e969d365cea6b010ab""], ""order_status"": ""delivered"", ""customer_state"": ""SP"", ""item_prices"": [7899, 7899]}"
0849eaf857ddbba0d7a97887503f9795,39deed49c6a307b9b5a83d7fcf45924a,10643,2143,2017-12-01T11:50:46+00:00,open,olist,False,"{""seller_ids"": [""955fee9216a65b617aa5c0531780ce60""], ""order_status"": ""delivered"", ""customer_state"": ""DF"", ""item_prices"": [8500]}"
dff84ff9aec9a566fa61a67661110009,8555a17ba20435f173a230c3ced133fd,5491,2311,2017-12-01T11:52:34+00:00,open,olist,False,"{""seller_ids"": [""1025f0e2d44d7041d6cf58b6550e0bfa""], ""order_status"": ""delivered"", ""customer_state"": ""SP"", ""item_prices"": [3180]}"
55d80e98635154dd309f2cb107f5e205,8555a17ba20435f173a230c3ced133fd,7243,1343,2017-12-01T11:52:34+00:00,open,olist,False,"{""seller_ids"": [""1f50f920176fa81dab994f9023523100""], ""order_status"": ""delivered"", ""customer_state"": ""SP"", ""item_prices"": [5900]}"
a4626ad7558acf9abc9358586c8bacaf,b6f681a86e6082ece0517a91927ba389,29811,2821,2017-12-01T11:52:41+00:00,open,olist,False,"{""seller_ids"": [""da8622b14eb17ae2831f4ac5b9dab84a""], ""order_status"": ""delivered"", ""customer_state"": ""MG"", ""item_prices"": [26990]}"
dac46445d06a7c26842b2e8b7bc04be4,7cc882b8c6b9017716e362d74026e850,6822,827,2017-12-01T11:53:35+00:00,open,olist,False,"{""seller_ids"": [""8648b1e89e9b349e32d3741b30ec737e""], ""order_status"": ""delivered"", ""customer_state"": ""SP"", ""item_prices"": [5995]}"
e98b495d3efa269c922cf62d18c6e2ec,9b2efb55dd99203d79594dd9f4db76b1,25597,4997,2017-12-01T11:58:02+00:00,open,olist,False,"{""seller_ids"": [""6bb0724edf0b62fb91ac404873a97241""], ""order_status"": ""delivered"", ""customer_state"": ""RJ"", ""item_prices"": [20600]}"
1263b5bd7d073c9196702d47117ee5fa,90db37be54fd796a0fa73b7678e8b795,16752,1762,2017-12-01T12:02:33+00:00,open,olist,False,"{""seller_ids"": [""fe2032dab1a61af8794248c8196565c9""], ""order_status"": ""delivered"", ""customer_state"": ""BA"", ""item_prices"": [14990]}"
b90e0b3baf0ccf666aa0e0631dfdb174,0329053bfa2eba19991dd18df9228cc2,6568,1188,2017-12-01T12:02:45+00:00,open,olist,False,"{""seller_ids"": [""4a3ca9315b744ce9f8e9374361493884""], ""order_status"": ""delivered"", ""customer_state"": ""SP"", ""item_prices"": [5380]}"
b62df733c346ba610dc254225ac7fd33,44c7963ca362e0740315b8db6824fbfe,7768,778,2017-12-01T12:05:20+00:00,open,olist,False,"{""seller_ids"": [""1b0b0f4f95e962d6f32fe90c759d0479""], ""order_status"": ""delivered"", ""customer_state"": ""SP"", ""item_prices"": [6990]}"
33550c45cf1fd94c9f755293fb9591c0,1201e8484f2158b3dbdb0186ef20e8ea,10806,816,2017-12-01T12:08:24+00:00,open,olist,False,"{""seller_ids"": [""3c7c4a49ec3c6550809089c6a2ca9370""], ""order_status"": ""delivered"", ""customer_state"": ""SP"", ""item_prices"": [9990]}"
6a29741b0ee05eaaa2b4dd7a40b55890,1033ef00990979a963a8e94c31ded33a,19099,2599,2017-12-01T12:16:42+00:00,open,olist,False,"{""seller_ids"": [""ce7d1888639e6fb06b2749cbfdac1ff7""], ""order_status"": ""delivered"", ""customer_state"": ""SP"", ""item_prices"": [16500]}"
b2be2e2f35e143f8895228b3c9b83eab,60a1ce7b08c87a188edd648c00f61b0e,27806,1906,2017-12-01T12:17:53+00:00,open,olist,False,"{""seller_ids"": [""cd68562d3f44870c08922d380acae552""], ""order_status"": ""delivered"", ""customer_state"": ""PR"", ""item_prices"": [25900]}"
cb794d74f80c0dff5257f123400a063c,45df9d71b80f651fcfd26763eebd027a,9622,1632,2017-12-01T12:18:05+00:00,open,olist,False,"{""seller_ids"": [""da8622b14eb17ae2831f4ac5b9dab84a""], ""order_status"": ""delivered"", ""customer_state"": ""RJ"", ""item_prices"": [7990]}"
b8fdf0a70040d5461adca8f95ba4171a,45df9d71b80f651fcfd26763eebd027a,10778,1788,2017-12-01T12:18:11+00:00,open,olist,False,"{""seller_ids"": [""da8622b14eb17ae2831f4ac5b9dab84a""], ""order_status"": ""delivered"", ""customer_state"": ""RJ"", ""item_prices"": [8990]}"
0f127f53a526c20902f9966a2a38846f,82bbfd611198a89d2be66389d603e4ba,4700,1510,2017-12-01T12:26:53+00:00,open,olist,False,"{""seller_ids"": [""85d9eb9ddc5d00ca9336a2219c97bb13""], ""order_status"": ""delivered"", ""customer_state"": ""SP"", ""item_prices"": [3190]}"
9db03235fbd38dbd09a5628ebee9f71b,06ef40d6e048bc6ca4c8b6f2190227e1,25600,5640,2017-12-01T12:29:04+00:00,open,olist,False,"{""seller_ids"": [""4c2b230173bb36f9b240f2b8ac11786e""], ""order_status"": ""delivered"", ""customer_state"": ""MG"", ""item_prices"": [4990, 4990, 4990, 4990]}"
8bc835be169be964f492f42b517b0a3c,b60ebccd69ad3836830dd0e407c4cd13,38633,1733,2017-12-01T12:30:13+00:00,open,olist,False,"{""seller_ids"": [""b33e7c55446eabf8fe1a42d037ac7d6d""], ""order_status"": ""delivered"", ""customer_state"": ""PR"", ""item_prices"": [36900]}"
a3f91830d0e848e2824d4c772ebb7772,7ed5293a63918255d94117f23d036741,10004,2104,2017-12-01T12:33:53+00:00,open,olist,False,"{""seller_ids"": [""6c7d50c24b3ccd2fd83b44d8bb34e073""], ""order_status"": ""delivered"", ""customer_state"": ""RJ"", ""item_prices"": [7900]}"
72c501775cf36e99076132aaee5ae9c0,9f0628912b8102be6ef4638d0753addf,12702,902,2017-12-01T12:39:39+00:00,open,olist,False,"{""seller_ids"": [""058fd0aa2bfdb2274e05e1ae971dabb6""], ""order_status"": ""shipped"", ""customer_state"": ""SP"", ""item_prices"": [11800]}"
2d40bdf3c32d416ae6d5d50e9e28e89c,896283d8bc7fdff277edf09e539df880,76584,7384,2017-12-01T12:39:48+00:00,open,olist,False,"{""seller_ids"": [""4a3ca9315b744ce9f8e9374361493884""], ""order_status"": ""delivered"", ""customer_state"": ""RJ"", ""item_prices"": [17300, 17300, 17300, 17300]}"
dcbb4f4f03f210340fce92e1f51982a0,35075f5697e428103e41b806f9ff8522,5009,1510,2017-12-01T12:40:00+00:00,open,olist,False,"{""seller_ids"": [""cc419e0650a3c5ba77189a1882b7556a""], ""order_status"": ""delivered"", ""customer_state"": ""PR"", ""item_prices"": [3499]}"
cacb1996e2de4ef6334c5223259544e0,d82e03353dcd4c2c6ddd3dba073c8da8,6410,1510,2017-12-01T12:41:36+00:00,open,olist,False,"{""seller_ids"": [""6560211a19b47992c3666cc44a7e94c0""], ""order_status"": ""delivered"", ""customer_state"": ""RJ"", ""item_prices"": [4900]}"
9d3704763c7a62e8cc450c779bc811b3,933d09bc2bcad9d9d322dd7df9f3c908,8415,2525,2017-12-01T12:43:52+00:00,open,olist,False,"{""seller_ids"": [""813348c996469b40f2e028d5429d3495""], ""order_status"": ""delivered"", ""customer_state"": ""MG"", ""item_prices"": [5890]}"
874b5f0892d39a5537e47c53d0ad4457,a2b3ce5552d104942d42485e8cf59397,64384,2084,2017-12-01T12:45:19+00:00,open,olist,False,"{""seller_ids"": [""8444e55c1f13cd5c179851e5ca5ebd00""], ""order_status"": ""delivered"", ""customer_state"": ""MG"", ""item_prices"": [62300]}"
fa141a7eaa934d2cabe21138a23a10ce,08981350cd27a14c6e62555cd0997160,10134,1635,2017-12-01T12:46:00+00:00,open,olist,False,"{""seller_ids"": [""cc419e0650a3c5ba77189a1882b7556a""], ""order_status"": ""delivered"", ""customer_state"": ""SC"", ""item_prices"": [8499]}"
7965b290cc7fe4790d45eaeded895967,003d56767e53e08671de00da3fba8d40,17859,2159,2017-12-01T12:48:21+00:00,open,olist,False,"{""seller_ids"": [""cfb1a033743668a192316f3c6d1d2671""], ""order_status"": ""delivered"", ""customer_state"": ""MG"", ""item_prices"": [15700]}"
fecadea4b60522702bd322933da20c9e,04ae6453ac0b2807721d210786d83b50,3469,1269,2017-12-01T12:57:58+00:00,open,olist,False,"{""seller_ids"": [""897060da8b9a21f655304d50fd935913""], ""order_status"": ""delivered"", ""customer_state"": ""SP"", ""item_prices"": [2200]}"
d92ec01edb4390e4a8e311202039e06a,78f40d39d4a401c047c0c26559e7775a,45281,2781,2017-12-01T13:01:47+00:00,open,olist,False,"{""seller_ids"": [""e59aa562b9f8076dd550fcddf0e73491""], ""order_status"": ""delivered"", ""customer_state"": ""SP"", ""item_prices"": [42500]}"
8c313d4a1bea83111be5bb00105397dd,da3d269cb723dde0477d80fb32601c20,4785,1185,2017-12-01T13:05:08+00:00,open,olist,False,"{""seller_ids"": [""4e922959ae960d389249c378d1c939f5""], ""order_status"": ""delivered"", ""customer_state"": ""SP"", ""item_prices"": [3600]}"
eb951538a1e505560662159b6b4ef965,2ed0e4f6c18fdb9edb131c62afef644f,73853,11963,2017-12-01T13:06:50+00:00,open,olist,False,"{""seller_ids"": [""1da366cade6d8276e7d8beea7af5d4bf""], ""order_status"": ""delivered"", ""customer_state"": ""RJ"", ""item_prices"": [61890]}"
1b3c6f127c67654015b4f2a7b882ec40,76ab1b49391ce566431f4ce1d52b3f6d,67077,4678,2017-12-01T13:08:09+00:00,open,olist,False,"{""seller_ids"": [""fbc14c0cf93505ef89f64665ffa4a7b5""], ""order_status"": ""delivered"", ""customer_state"": ""AL"", ""item_prices"": [62399]}"
3a21d68013a49ce0b7ecc0b3a2575c0e,2bb6cf1dbaaba0cfd67e8f83ec189618,14301,2610,2017-12-01T13:08:17+00:00,open,olist,False,"{""seller_ids"": [""5a93f3ab0ef4c84ed5e1b5dbf23978bc""], ""order_status"": ""delivered"", ""customer_state"": ""PE"", ""item_prices"": [11691]}"
70ad0c0c83d69921cc0675f3e56d4e02,e9b5c04c2364a0d172307ecb95a74ef4,8602,1612,2017-12-01T13:08:26+00:00,open,olist,False,"{""seller_ids"": [""4d6d651bd7684af3fffabd5f08d12e5a""], ""order_status"": ""delivered"", ""customer_state"": ""SP"", ""item_prices"": [6990]}"
7bb345539ace4f961167f1cf740679eb,4d881f96bad182e8853def6c3453c087,3767,778,2017-12-01T13:28:30+00:00,open,olist,False,"{""seller_ids"": [""ea8482cd71df3c1969d7b9473ff13abc""], ""order_status"": ""delivered"", ""customer_state"": ""SP"", ""item_prices"": [2989]}"
6fa1dd5611d4b380144fbe44fa788ad9,f4e5cb6321ff7e6acaf8eb6dc0bc3580,23003,1453,2017-12-01T13:29:07+00:00,open,olist,False,"{""seller_ids"": [""0b90b6df587eb83608a64ea8b390cf07""], ""order_status"": ""delivered"", ""customer_state"": ""SP"", ""item_prices"": [21550]}"
c8e61ba622e20d56e712335406093067,88a1d0f48fe4fccb30f960c925644fd8,14292,1392,2017-12-01T13:31:55+00:00,open,olist,False,"{""seller_ids"": [""3d871de0142ce09b7081e2b9d1733cb1""], ""order_status"": ""delivered"", ""customer_state"": ""SP"", ""item_prices"": [12900]}"
e9a22dcbd75fcabceb686e5d6745b07b,597ef8cb19501376ed11206094c0f3dc,10034,1535,2017-12-01T13:35:32+00:00,open,olist,False,"{""seller_ids"": [""cc419e0650a3c5ba77189a1882b7556a""], ""order_status"": ""delivered"", ""customer_state"": ""PR"", ""item_prices"": [8499]}"
52bd968ba85e19e47b9d5f939e4a4b24,07a725430cedc49e17e0f00e1fbf70cb,9313,1617,2017-12-01T13:39:54+00:00,open,olist,False,"{""seller_ids"": [""a2e874074c877c5a05abae80ad6e488f""], ""order_status"": ""delivered"", ""customer_state"": ""SP"", ""item_prices"": [7696]}"
c47f8d001b46c06bba495ae1b0ef2dfa,a224940861ba26095fb10ba2fbfcc7e4,10638,1639,2017-12-01T13:44:57+00:00,open,olist,False,"{""seller_ids"": [""cc419e0650a3c5ba77189a1882b7556a""], ""order_status"": ""delivered"", ""customer_state"": ""MG"", ""item_prices"": [8999]}"
4c05288ce87fd35acbaa04fec7070339,e187a4f568431067618a5d9c8f73652a,11694,1794,2017-12-01T13:45:09+00:00,open,olist,False,"{""seller_ids"": [""4a3ca9315b744ce9f8e9374361493884""], ""order_status"": ""delivered"", ""customer_state"": ""GO"", ""item_prices"": [9900]}"
9e22b00fd1b9f036577e8c517ea0a5d4,0fb360a422d2297dcf21d4d7b91028db,38008,8008,2017-12-01T13:45:30+00:00,open,olist,False,"{""seller_ids"": [""955fee9216a65b617aa5c0531780ce60""], ""order_status"": ""delivered"", ""customer_state"": ""RJ"", ""item_prices"": [7500, 7500, 7500, 7500]}"
7ca1ad2143cdd9d02d4d9c1fe9656f4c,f8d2ce74b814acbf8db166a3d542abec,23310,9840,2017-12-01T13:46:06+00:00,open,olist,False,"{""seller_ids"": [""8f78f0903005064036736c7173a5c2ed""], ""order_status"": ""delivered"", ""customer_state"": ""RS"", ""item_prices"": [4490, 4490, 4490]}"
f1b19188d070474e6b24f5e12da6ef4c,b56a9485cd8a9ec00c366912cd29c809,6650,1760,2017-12-01T13:46:43+00:00,open,olist,False,"{""seller_ids"": [""2a6fbeaa7ab9e5d59a35841a8da71ce4""], ""order_status"": ""delivered"", ""customer_state"": ""SP"", ""item_prices"": [4890]}"
6d03ab0713a35b9475f6c5ed0d989976,cb9f1b479c24cdcbd80d7c7064e4c9fd,2361,1611,2017-12-01T13:49:05+00:00,open,olist,False,"{""seller_ids"": [""08d2d642cf72b622b14dde1d2f5eb2f5""], ""order_status"": ""delivered"", ""customer_state"": ""RJ"", ""item_prices"": [750]}"
f35ff8b8e2e627ad2a1ae6b89b4806e7,a177014a6f3e42854c24bf59b6871447,7538,2538,2017-12-01T13:49:11+00:00,open,olist,False,"{""seller_ids"": [""39d54ff918774174706fb065d7f9dc07""], ""order_status"": ""delivered"", ""customer_state"": ""SP"", ""item_prices"": [2500, 2500]}"
e3aabf962e916c57a335a4731d479c70,87c9eb971f4cfcbefa08cb27b21bc9a7,11230,1240,2017-12-01T13:58:41+00:00,open,olist,False,"{""seller_ids"": [""da8622b14eb17ae2831f4ac5b9dab84a""], ""order_status"": ""delivered"", ""customer_state"": ""SP"", ""item_prices"": [9990]}"
a08a716f7c4514877f9f907aa11294a9,73b78f75df448f01b52aee67c38e1b4d,14486,2686,2017-12-01T14:05:44+00:00,open,olist,False,"{""seller_ids"": [""1f50f920176fa81dab994f9023523100""], ""order_status"": ""delivered"", ""customer_state"": ""SP"", ""item_prices"": [5900, 5900]}"
12dfd48a9e526859cc845d4856be12eb,b0eb9da054d6c677ba2cebec794b7c4f,12597,2598,2017-12-01T14:08:31+00:00,open,olist,False,"{""seller_ids"": [""46dc3b2cc0980fb8ec44634e21d2718e""], ""order_status"": ""delivered"", ""customer_state"": ""MT"", ""item_prices"": [9999]}"
e134db9b2f9178ed55725a25b33e48c4,c1099629bd44f439554021f60cdb120c,164436,4536,2017-12-01T14:09:20+00:00,open,olist,False,"{""seller_ids"": [""cf8ab1616079e2793aa29d524df01bb1""], ""order_status"": ""delivered"", ""customer_state"": ""SP"", ""item_prices"": [159900]}"
189f6ebeadf450bb5abaff2b8a55ffd2,8266a33ae45def22e9a5142f504746f1,29222,3132,2017-12-01T14:12:58+00:00,open,olist,False,"{""seller_ids"": [""2a5b78b41cd05baeac8df54c6606b92c""], ""order_status"": ""delivered"", ""customer_state"": ""RJ"", ""item_prices"": [13340, 12750]}"
5f739b9d416fe64eaaca0f74c6a96239,e01719d1077d8e338be6d5b91b24947d,11624,2625,2017-12-01T14:16:10+00:00,open,olist,False,"{""seller_ids"": [""a1043bafd471dff536d0c462352beb48""], ""order_status"": ""delivered"", ""customer_state"": ""MG"", ""item_prices"": [8999]}"
d2ff49a57446cba2b7cd5b8211d43db4,a7d4bf537dfe277f70e1b63a2ad1534b,9943,944,2017-12-01T14:16:20+00:00,open,olist,False,"{""seller_ids"": [""cc419e0650a3c5ba77189a1882b7556a""], ""order_status"": ""delivered"", ""customer_state"": ""SP"", ""item_prices"": [8999]}"
2d48e0823cd1b60fcd0653613d712e27,730ae8c327cf72c645de5fd7238ae4dc,7862,872,2017-12-01T14:16:47+00:00,open,olist,False,"{""seller_ids"": [""f08c008c8a8d31417763738a1788a2a8""], ""order_status"": ""delivered"", ""customer_state"": ""SP"", ""item_prices"": [6990]}"
f4b75a851727133860699dd7a8acda5f,e6d511bd228c7136272472a56c6672dd,14766,4276,2017-12-01T14:18:33+00:00,open,olist,False,"{""seller_ids"": [""e8b3a3a38279a82f0e5d006d5e5b7d2c""], ""order_status"": ""delivered"", ""customer_state"": ""PE"", ""item_prices"": [10490]}"
49a4ac17405a0e93eacd89de7e081904,fc7e3fe2d8e68979e897570254ee78a1,2780,1410,2017-12-01T14:19:12+00:00,open,olist,False,"{""seller_ids"": [""8b321bb669392f5163d04c59e235e066""], ""order_status"": ""delivered"", ""customer_state"": ""RJ"", ""item_prices"": [1370]}"
ac9ded1f3d754d8a13787ff88fd7b4f1,5a0fd5d12f969cf5b9f81b5e6798955b,6601,1611,2017-12-01T14:27:39+00:00,open,olist,False,"{""seller_ids"": [""8ff1a9df749e454105c55cda13e79143""], ""order_status"": ""delivered"", ""customer_state"": ""RJ"", ""item_prices"": [4990]}"
4e9b5654a8e87fbf1f0010429835dbcf,fd1df4bcd96b397659b947c5c8508c1f,7205,1516,2017-12-01T14:30:08+00:00,open,olist,False,"{""seller_ids"": [""0ef83d7d83ed97cd2a0049ac8be5f88a""], ""order_status"": ""delivered"", ""customer_state"": ""SP"", ""item_prices"": [5689]}"
b28f406dacca37ff27d85f7982344d2f,917aaf420bc9836da7af3ea67743c3b2,12280,1290,2017-12-01T14:32:31+00:00,open,olist,False,"{""seller_ids"": [""88460e8ebdecbfecb5f9601833981930""], ""order_status"": ""delivered"", ""customer_state"": ""SP"", ""item_prices"": [10990]}"
6aa1b68888b0cf160c7072009c46ea24,0895c61a77b305efdfad13596c749c60,16126,926,2017-12-01T14:35:06+00:00,open,olist,False,"{""seller_ids"": [""fe2032dab1a61af8794248c8196565c9""], ""order_status"": ""delivered"", ""customer_state"": ""SP"", ""item_prices"": [15200]}"
6aefae2f6010e130e87f27ff4ed31a8d,69f2934ad8b50cc05587a94cc7d68fc9,12109,2119,2017-12-01T14:38:00+00:00,open,olist,False,"{""seller_ids"": [""8f2ce03f928b567e3d56181ae20ae952""], ""order_status"": ""shipped"", ""customer_state"": ""PR"", ""item_prices"": [9990]}"
931fdd63ba701dba6def14b3655e0a32,69f2934ad8b50cc05587a94cc7d68fc9,10134,1635,2017-12-01T14:38:00+00:00,open,olist,False,"{""seller_ids"": [""cc419e0650a3c5ba77189a1882b7556a""], ""order_status"": ""delivered"", ""customer_state"": ""PR"", ""item_prices"": [8499]}"
673c33bc0fb36d9b542e2bb104c14841,d138c16eb8e4cc30948260a057a66687,5865,2875,2017-12-01T14:40:25+00:00,open,olist,False,"{""seller_ids"": [""c8467937e403e76a8ee9f0ab13f6f5ef""], ""order_status"": ""delivered"", ""customer_state"": ""RS"", ""item_prices"": [2990]}"
5278f92718cd6d3de89da59a99515b34,d8f5ee4b76c82faf04e01c0b5bd5e9ed,17598,2633,2017-12-01T14:42:23+00:00,open,olist,False,"{""seller_ids"": [""edb1ef5e36e0c8cd84eb3c9b003e486d""], ""order_status"": ""delivered"", ""customer_state"": ""MT"", ""item_prices"": [14965]}"
94e9d4fb987019517b0aac56db0ae735,70cfa73f84331fd808c8e1bf10f6213d,6524,1624,2017-12-01T14:46:09+00:00,open,olist,False,"{""seller_ids"": [""897060da8b9a21f655304d50fd935913""], ""order_status"": ""delivered"", ""customer_state"": ""MG"", ""item_prices"": [4900]}"
284dfdbca771e6488f7c8f9114f407a9,1a8ad9a412cd86236a086b3b2ac3e102,5689,1792,2017-12-01T14:48:56+00:00,open,olist,False,"{""seller_ids"": [""5a93f3ab0ef4c84ed5e1b5dbf23978bc""], ""order_status"": ""delivered"", ""customer_state"": ""BA"", ""item_prices"": [3897]}"
fcbb6af360b31b05460c2c8e524588c0,0ec5bddf9b389fa7c737a2db61b6577d,119438,14438,2017-12-01T14:51:05+00:00,open,olist,False,"{""seller_ids"": [""17f51e7198701186712e53a39c564617""], ""order_status"": ""delivered"", ""customer_state"": ""RJ"", ""item_prices"": [105000]}"
e67079e951179d571be3c4bb463f47a7,00c3c74b09b2022ac2c0f43bb09797b4,7205,1516,2017-12-01T14:53:50+00:00,open,olist,False,"{""seller_ids"": [""0ef83d7d83ed97cd2a0049ac8be5f88a""], ""order_status"": ""delivered"", ""customer_state"": ""SP"", ""item_prices"": [5689]}"
51965bbaf28462239df82affdbbb1301,1d8723cf8c3104c06962bfc35d7131f4,3176,827,2017-12-01T15:03:07+00:00,open,olist,False,"{""seller_ids"": [""e9779976487b77c6d4ac45f75ec7afe9""], ""order_status"": ""delivered"", ""customer_state"": ""SP"", ""item_prices"": [2349]}"
cb55e6deb67ba10e409f5e3e0a968254,a00dacbc666efe1dadcc55a56a62603a,13428,2128,2017-12-01T15:11:37+00:00,open,olist,False,"{""seller_ids"": [""a416b6a846a11724393025641d4edd5e""], ""order_status"": ""delivered"", ""customer_state"": ""PR"", ""item_prices"": [11300]}"
05bc55c2402923914487bf644d917ad5,e97b18fc8c6d72975f8689f4a1829080,11694,1695,2017-12-01T15:17:48+00:00,open,olist,False,"{""seller_ids"": [""46dc3b2cc0980fb8ec44634e21d2718e""], ""order_status"": ""delivered"", ""customer_state"": ""SP"", ""item_prices"": [9999]}"
5cba90f4426ae8c12848639992997edf,a0f619ac6cd2d9cc9194f265dac97d9e,4053,2563,2017-12-01T15:18:25+00:00,open,olist,False,"{""seller_ids"": [""da8622b14eb17ae2831f4ac5b9dab84a""], ""order_status"": ""delivered"", ""customer_state"": ""PA"", ""item_prices"": [1490]}"
2835db7029951274a3a1ec7ea37d9254,f0a61cf47535afda9d4454c9449e63e5,4742,1792,2017-12-01T15:18:31+00:00,open,olist,False,"{""seller_ids"": [""7008613ea464bad5cb9b83456e1e6a8f""], ""order_status"": ""delivered"", ""customer_state"": ""RJ"", ""item_prices"": [2950]}"
8019e5f3a23ce0342b60a67f3fda2c65,30ec1e42686b488e353712bcde544e5d,6500,1510,2017-12-01T15:22:27+00:00,open,olist,False,"{""seller_ids"": [""6a8b085f816a1f75f92dbac6eb545f8f""], ""order_status"": ""delivered"", ""customer_state"": ""RJ"", ""item_prices"": [4990]}"
de0e984a881ce75f0f313038b3b3bda0,0bd8244133096b90feb71dcb6e496ae8,5177,778,2017-12-01T15:24:47+00:00,open,olist,False,"{""seller_ids"": [""ea8482cd71df3c1969d7b9473ff13abc""], ""order_status"": ""delivered"", ""customer_state"": ""SP"", ""item_prices"": [4399]}"
4240d84451ff02c5a7f3f34926699cd9,40a01c0e311a2ab2fe2c62fa17e602af,56795,1960,2017-12-01T15:32:44+00:00,open,olist,False,"{""seller_ids"": [""a513150f33f99a06569e9cd5c4bb889b""], ""order_status"": ""delivered"", ""customer_state"": ""MG"", ""item_prices"": [54835]}"
69152feaafd64d08f0aa216e5f3c5a5b,e93a8bc2dfece11ec9cdef4439222acb,6487,1510,2017-12-01T15:36:54+00:00,open,olist,False,"{""seller_ids"": [""c826c40d7b19f62a09e2d7c5e7295ee2""], ""order_status"": ""delivered"", ""customer_state"": ""MG"", ""item_prices"": [4977]}"
570065bfd340aecea7e2c960ec530b6f,3e43fc8a00d1e9ef2879b0e842820155,6075,1510,2017-12-01T15:39:48+00:00,open,olist,False,"{""seller_ids"": [""897060da8b9a21f655304d50fd935913""], ""order_status"": ""delivered"", ""customer_state"": ""RS"", ""item_prices"": [4565]}"
72af7514238e36c16453f0a9146ecb52,bc5b38c4913692426b92b0d40a6ddc1f,2871,872,2017-12-01T15:40:46+00:00,open,olist,False,"{""seller_ids"": [""e9d99831abad74458942f21e16f33f92""], ""order_status"": ""delivered"", ""customer_state"": ""SP"", ""item_prices"": [1999]}"
eaf25d31a437014ab7271e91dead59c4,8ae26e6db04aeaccf8c41a55ad87521c,10196,1296,2017-12-01T15:44:08+00:00,open,olist,False,"{""seller_ids"": [""2528513dd95219a6013d4d05176e391a""], ""order_status"": ""delivered"", ""customer_state"": ""SP"", ""item_prices"": [8900]}"
4b084373ddadca63d02071a40596da80,fb3e55014819eef5745a9c6c7a5444f7,24136,7936,2017-12-01T15:49:57+00:00,open,olist,False,"{""seller_ids"": [""c6a7539d424a8402232c2228d7a03c5e""], ""order_status"": ""delivered"", ""customer_state"": ""RJ"", ""item_prices"": [4050, 4050, 4050, 4050]}"
92e569b96881cdc062cc199bc7465002,5ceb31e960b2c44e38fa80db623b26bf,11696,1797,2017-12-01T15:52:41+00:00,open,olist,False,"{""seller_ids"": [""376a891762bbdecbc02b4b6adec3fdda""], ""order_status"": ""delivered"", ""customer_state"": ""RJ"", ""item_prices"": [9899]}"
423bacebe695187f7c0f4c416adf5a37,b8d36e8551a637e3bb847456069fae9b,7338,3358,2017-12-01T16:01:06+00:00,open,olist,False,"{""seller_ids"": [""128639473a139ac0f3e5f5ade55873a5""], ""order_status"": ""delivered"", ""customer_state"": ""MG"", ""item_prices"": [1990, 1990]}"
c9235f8ee527574b6e127f65f016fa73,3dc2cc07a33edae5d8588063b1c85438,2010,1410,2017-12-01T16:01:18+00:00,open,olist,False,"{""seller_ids"": [""cc419e0650a3c5ba77189a1882b7556a""], ""order_status"": ""invoiced"", ""customer_state"": ""MG"", ""item_prices"": [600]}"
67204cd665c7418b36623b21584dc92c,9159c04b88895d995741dd5b9b7a5f1d,22776,5786,2017-12-01T16:13:05+00:00,open,olist,False,"{""seller_ids"": [""3d871de0142ce09b7081e2b9d1733cb1""], ""order_status"": ""delivered"", ""customer_state"": ""RJ"", ""item_prices"": [16990]}"
16efc11ccab2e8a17656020f80cd39e3,96fc491a6ce0aa111de859fcb5411da9,25593,4693,2017-12-01T16:13:44+00:00,open,olist,False,"{""seller_ids"": [""8759e7aedd644f487315e5860962f162""], ""order_status"": ""delivered"", ""customer_state"": ""RJ"", ""item_prices"": [20900]}"
875ab1a09eb128fa4a3bcedabfb42df6,7c269c094eb72fe67154b16e18f88ec7,47241,3341,2017-12-01T16:16:35+00:00,open,olist,False,"{""seller_ids"": [""01fdefa7697d26ad920e9e0346d4bd1b""], ""order_status"": ""delivered"", ""customer_state"": ""SP"", ""item_prices"": [43900]}"
638c43326cd8c7403a2bf818e46b779e,f734a4e29dceee80c8f0a7e318d6ad34,5678,1679,2017-12-01T16:19:38+00:00,open,olist,False,"{""seller_ids"": [""80e6699fe29150b372a0c8a1ebf7dcc8""], ""order_status"": ""delivered"", ""customer_state"": ""MG"", ""item_prices"": [3999]}"
4b1c6eb00f599c2ea1d21e446cd60efa,1028ab5aecbcdfe221a761830f0f8f24,19765,5765,2017-12-01T16:26:45+00:00,open,olist,False,"{""seller_ids"": [""955fee9216a65b617aa5c0531780ce60""], ""order_status"": ""delivered"", ""customer_state"": ""MG"", ""item_prices"": [14000]}"
dedfae6510ab02ac08526276e245e006,3126c1a8c6c019ac92c7adfe193e6c75,8259,1770,2017-12-01T16:32:52+00:00,open,olist,False,"{""seller_ids"": [""7aa4334be125fcdd2ba64b3180029f14""], ""order_status"": ""delivered"", ""customer_state"": ""MG"", ""item_prices"": [6489]}"
110f23195a2ddb2ccaad30b37bfacbbf,7cb20dd79b4b5bfda52b712000a30de5,7598,3918,2017-12-01T16:34:59+00:00,open,olist,False,"{""seller_ids"": [""870d0118f7a9d85960f29ad89d5d989a""], ""order_status"": ""delivered"", ""customer_state"": ""ES"", ""item_prices"": [1990, 1690]}"
8d42bc7cf9914679406f48db0e05e571,7cb20dd79b4b5bfda52b712000a30de5,8266,2776,2017-12-01T16:35:00+00:00,open,olist,False,"{""seller_ids"": [""870d0118f7a9d85960f29ad89d5d989a""], ""order_status"": ""delivered"", ""customer_state"": ""ES"", ""item_prices"": [5490]}"
1853610c46a77ba436f5e06e16ec8302,6cde5ed6a701131f96b598d4490ce710,7497,1517,2017-12-01T16:39:06+00:00,open,olist,False,"{""seller_ids"": [""2a7c6c0b0d5efde2bf75ec1e1cec2d41""], ""order_status"": ""delivered"", ""customer_state"": ""SC"", ""item_prices"": [5980]}"
666a3fba59ffe0f70203090fdff3a61f,87eeca1f7606db239a54f786e6a46c9b,14022,1032,2017-12-01T16:39:54+00:00,open,olist,False,"{""seller_ids"": [""620c87c171fb2a6dd6e8bb4dec959fc6""], ""order_status"": ""delivered"", ""customer_state"": ""RJ"", ""item_prices"": [12990]}"
62298ce96fd87a8c6dbd04c4b2a16d41,e7fdb450df9cb5915176faf3c938d1fd,5068,1269,2017-12-01T16:42:35+00:00,open,olist,False,"{""seller_ids"": [""d1c281d3ae149232351cd8c8cc885f0d""], ""order_status"": ""delivered"", ""customer_state"": ""SP"", ""item_prices"": [3799]}"
bcbead00f0c2dfabaf82fa4af5611f71,c9ff95ec8ee314da72d3b0bbea265616,31785,1786,2017-12-01T16:45:57+00:00,open,olist,False,"{""seller_ids"": [""46dc3b2cc0980fb8ec44634e21d2718e""], ""order_status"": ""delivered"", ""customer_state"": ""SP"", ""item_prices"": [29999]}"
2c9692d95147996e657865c7f5ec42fc,a0858dd9227559842a82c2cf773081cd,13917,1427,2017-12-01T16:46:04+00:00,open,olist,False,"{""seller_ids"": [""cfb1a033743668a192316f3c6d1d2671""], ""order_status"": ""delivered"", ""customer_state"": ""SP"", ""item_prices"": [12490]}"
4c05568a8cbfba6c3502aa38dd34c9c2,91877c47c40137d5c7226bdae4e47ba2,9345,1469,2017-12-01T16:46:37+00:00,open,olist,False,"{""seller_ids"": [""98dac6635aee4995d501a3972e047414""], ""order_status"": ""delivered"", ""customer_state"": ""RJ"", ""item_prices"": [7876]}"
231e2dace3795631b40339ad8c53e5d0,5bb6aa0c66768142a9da3b6751b1fbbf,25186,4186,2017-12-01T16:49:36+00:00,open,olist,False,"{""seller_ids"": [""cc80e2f693fa6e2408f47ccf62413fc1""], ""order_status"": ""delivered"", ""customer_state"": ""SP"", ""item_prices"": [21000]}"
f2125ad278ab03d4779ded7001337ee1,38cfe0709a4c787caaf63fcce697b8e3,30135,2145,2017-12-01T16:51:00+00:00,open,olist,False,"{""seller_ids"": [""c500367424994318b9e779ff1ae9a330""], ""order_status"": ""delivered"", ""customer_state"": ""RJ"", ""item_prices"": [27990]}"
1d791267fec7d64556bf4bdbaa5416c2,22d47c0d3a0a3d5667b73a5f1d8bb20a,36499,1619,2017-12-01T16:58:27+00:00,open,olist,False,"{""seller_ids"": [""fa1c13f2614d7b5c4749cbc52fecda94""], ""order_status"": ""delivered"", ""customer_state"": ""DF"", ""item_prices"": [34880]}"
475fa9160e2a29d7eb459744a2b16635,ec39f1e8b8321e93194fd73693d4f920,3784,1185,2017-12-01T17:00:41+00:00,open,olist,False,"{""seller_ids"": [""ef506c96320abeedfb894c34db06f478""], ""order_status"": ""delivered"", ""customer_state"": ""SP"", ""item_prices"": [2599]}"
1cd5bf46850066b6dd1321c0680ed93f,cfd472b63cf204c38bc6614b64e379f2,5862,872,2017-12-01T17:03:26+00:00,open,olist,False,"{""seller_ids"": [""30a2f535bb48308f991d0b9ad4a8c4bb""], ""order_status"": ""delivered"", ""customer_state"": ""SP"", ""item_prices"": [4990]}"
062171ae61a088263fec533c7b4aadca,7f5da5066c49789a1f5e6371e7d72e8e,23697,1797,2017-12-01T17:07:56+00:00,open,olist,False,"{""seller_ids"": [""b33e7c55446eabf8fe1a42d037ac7d6d""], ""order_status"": ""delivered"", ""customer_state"": ""BA"", ""item_prices"": [21900]}"
3ee6a5145ccf8837184fe98c491e232c,25ee64833b4517bbd910f6f981859626,19699,1799,2017-12-01T17:09:35+00:00,open,olist,False,"{""seller_ids"": [""63b464dbf392c7b80d12d932fa7cafed""], ""order_status"": ""delivered"", ""customer_state"": ""SP"", ""item_prices"": [17900]}"
4c4c18f172becac0b104709006c11a9b,2efd222acea6e5b2c294ea65af6424f5,27958,4368,2017-12-01T17:12:58+00:00,open,olist,False,"{""seller_ids"": [""53243585a1d6dc2643021fd1853d8905""], ""order_status"": ""delivered"", ""customer_state"": ""RS"", ""item_prices"": [23590]}"
bd8b880cb77c8814dfce61086015fe1b,f81481ce999df3f2f60fa451813f7e2f,45335,4044,2017-12-01T17:13:56+00:00,open,olist,False,"{""seller_ids"": [""af4a0e4cfe1d9c26b6712b1be25a72e5""], ""order_status"": ""delivered"", ""customer_state"": ""CE"", ""item_prices"": [41291]}"
ee7560a748685ea9c6d3bb5341f4e97e,a3c09de4545ea911aa36f25211ddf483,23186,2196,2017-12-01T17:17:29+00:00,open,olist,False,"{""seller_ids"": [""23d7c96d4a1160db1c726b248601b25a""], ""order_status"": ""delivered"", ""customer_state"": ""PR"", ""item_prices"": [20990]}"
