id,counterparty_id,amount,received_at,reference,original_reference,memo,simulated,duplicate_of,meta
8e99a2cfed539d7ef02eabb5551d98d2-p1,c9a979c8f93f719d42714fd0649b0bf2,12309,2017-12-01T10:31:06+00:00,8e99a2cfed539d7ef02eabb5551d98d2,,,False,,"{""payment_type"": ""credit_card"", ""payment_sequential"": 1, ""payment_installments"": 2, ""customer_state"": ""BA"", ""seller_locations"": [{""seller_id"": ""5c243662ce92d84573bfaff24c3e3700"", ""city"": ""sao paulo"", ""state"": ""SP""}]}"
e7df3fcd195fafd25a46f580fc96c9f3-p1,90f718695747b51939085c20ef742241,3009,2017-12-01T10:31:12+00:00,e7df3fcd195fafd25a46f580fc96c9f3,,,False,,"{""payment_type"": ""credit_card"", ""payment_sequential"": 1, ""payment_installments"": 3, ""customer_state"": ""PR"", ""seller_locations"": [{""seller_id"": ""582d4f8675b945722eda7c0cb61ba4c7"", ""city"": ""bertioga"", ""state"": ""SP""}]}"
33f45d9ef97405c50d2f7c3072bb063e-p1,798df450279c57bc9f7a612ded13695e,6300,2017-12-01T10:31:10+00:00,33f45d9ef97405c50d2f7c3072bb063e,,,False,,"{""payment_type"": ""credit_card"", ""payment_sequential"": 1, ""payment_installments"": 3, ""customer_state"": ""MG"", ""seller_locations"": [{""seller_id"": ""d3f39f05462b79a4562d35893a28f159"", ""city"": ""mococa"", ""state"": ""SP""}]}"
77e63cacbf44d28c73e6ad56e430f477-p1,1f9c999a258e902ad91126ccfce5242f,7886,2017-12-01T10:31:08+00:00,77e63cacbf44d28c73e6ad56e430f477,,,False,,"{""payment_type"": ""credit_card"", ""payment_sequential"": 1, ""payment_installments"": 1, ""customer_state"": ""ES"", ""seller_locations"": [{""seller_id"": ""b88e7c57cb2d8b973b7dd4a2bfa14b36"", ""city"": ""curitiba"", ""state"": ""PR""}]}"
7f2765cc6719de94716ce2c081b27f02-p1,0b71e6282e1f0bb4b4b46d4fd012c100,19500,2017-12-01T10:31:08+00:00,7f2765cc6719de94716ce2c081b27f02,,,False,,"{""payment_type"": ""credit_card"", ""payment_sequential"": 1, ""payment_installments"": 5, ""customer_state"": ""SP"", ""seller_locations"": [{""seller_id"": ""1f9ab4708f3056ede07124aad39a2554"", ""city"": ""tupa"", ""state"": ""SP""}]}"
bb3463b1de5e29d8d574a1e422777763-p1,b45fea9f2c0bb83348c7fc3d17bf7639,30052,2017-12-01T10:31:06+00:00,bb3463b1de5e29d8d574a1e422777763,,,True,,"{""payment_type"": ""credit_card"", ""payment_sequential"": 1, ""payment_installments"": 5, ""customer_state"": ""RJ"", ""seller_locations"": [{""seller_id"": ""46dc3b2cc0980fb8ec44634e21d2718e"", ""city"": ""rio de janeiro"", ""state"": ""RJ""}], ""fault_id"": ""D"", ""shortfall_centavos"": 1058}"
0f0add4f85838c9195ce0ce66cceff8a-p1,24e998dbc3458fe7b77b370e6d10ba57,142556,2017-12-01T10:31:10+00:00,0f0add4f85838c9195ce0ce66cceff8a,,,False,,"{""payment_type"": ""credit_card"", ""payment_sequential"": 1, ""payment_installments"": 8, ""customer_state"": ""SP"", ""seller_locations"": [{""seller_id"": ""2bf6a2c1e71bbd29a4ad64e6d3c3629f"", ""city"": ""nova friburgo"", ""state"": ""RJ""}]}"
83f4ef880ab532703def37dd9c0e7348-p1,64318e7cf2812fe20d69128528d52f5b,7214,2017-12-02T02:51:13+00:00,83f4ef880ab532703def37dd9c0e7348,,,False,,"{""payment_type"": ""boleto"", ""payment_sequential"": 1, ""payment_installments"": 1, ""customer_state"": ""PR"", ""seller_locations"": [{""seller_id"": ""cc419e0650a3c5ba77189a1882b7556a"", ""city"": ""santo andre"", ""state"": ""SP""}]}"
1e569d6eaaa4dee08f4b054b65f97134-p1,1623bb8272e54fa0a9eb93aa4895adbd,9834,2017-12-01T10:30:54+00:00,1e569d6eaaa4dee08f4b054b65f97134,,,False,,"{""payment_type"": ""credit_card"", ""payment_sequential"": 1, ""payment_installments"": 1, ""customer_state"": ""SP"", ""seller_locations"": [{""seller_id"": ""f41ce2e25237f9092cd8e6e7516c7a2f"", ""city"": ""guarulhos"", ""state"": ""SP""}]}"
5fab005ced5596f6f711ea0b99d77100-p1,cb1773ccb80012b3cbe87a1eb8c17428,5259,2017-12-01T10:31:06+00:00,5fab005ced5596f6f711ea0b99d77100,,,False,,"{""payment_type"": ""credit_card"", ""payment_sequential"": 1, ""payment_installments"": 5, ""customer_state"": ""SP"", ""seller_locations"": [{""seller_id"": ""76d5af76d0271110f9af36c92573f765"", ""city"": ""sao paulo"", ""state"": ""SP""}]}"
8f72b04d200c6c098df28f20abe1d4ce-p1,b10199c01d6933cb94c126e0ade1b158,7988,2017-12-02T02:37:07+00:00,8f72b04d200c6c098df28f20abe1d4ce,,,False,,"{""payment_type"": ""boleto"", ""payment_sequential"": 1, ""payment_installments"": 1, ""customer_state"": ""SP"", ""seller_locations"": [{""seller_id"": ""dee656f0f566ed1aa85bd137c943f08f"", ""city"": ""cruzeiro"", ""state"": ""SP""}]}"
e22f8395265cb423def2d5c028f0f34b-p1,b703d83e085a6a8b339dc548f4878ca8,10702,2017-12-01T01:42:22+00:00,e22f8395265cb423def2d5c028f0f34b,,,True,,"{""payment_type"": ""boleto"", ""payment_sequential"": 1, ""payment_installments"": 1, ""customer_state"": ""RJ"", ""seller_locations"": [], ""simulated_date"": true}"
7b74647ef95b9578401bd8a4f723b301-p1,b703d83e085a6a8b339dc548f4878ca8,14517,2017-12-02T02:37:19+00:00,7b74647ef95b9578401bd8a4f723b301,,,False,,"{""payment_type"": ""boleto"", ""payment_sequential"": 1, ""payment_installments"": 1, ""customer_state"": ""RJ"", ""seller_locations"": [{""seller_id"": ""001cca7ae9ae17fb1caed9dfb1094831"", ""city"": ""cariacica"", ""state"": ""ES""}]}"
0bdb173bda4bf7e4109fe707c309252a-p1,a419dd7dfd2ca5800069304fde68e3b9,13295,2017-12-01T10:31:10+00:00,0bdb173bda4bf7e4109fe707c309252a,,,False,,"{""payment_type"": ""credit_card"", ""payment_sequential"": 1, ""payment_installments"": 10, ""customer_state"": ""RS"", ""seller_locations"": [{""seller_id"": ""a3a38f4affed601eb87a97788c949667"", ""city"": ""joinville"", ""state"": ""SC""}]}"
48c5c0e8b2601862cebafe7fad2142f9-p1,48343014be411017d2b2e94f11a4ed63,3681,2017-12-02T02:38:05+00:00,48c5c0e8b2601862cebafe7fad2142f9,,,False,,"{""payment_type"": ""boleto"", ""payment_sequential"": 1, ""payment_installments"": 1, ""customer_state"": ""SP"", ""seller_locations"": [{""seller_id"": ""e5a3438891c0bfdb9394643f95273d8e"", ""city"": ""limeira"", ""state"": ""SP""}]}"
1af8d93c6e62a97baeb370a572abe758-p1,4c83ee458fa2f463b069ecce3d74fb1e,6517,2017-12-02T02:38:31+00:00,1af8d93c6e62a97baeb370a572abe758,,,False,,"{""payment_type"": ""boleto"", ""payment_sequential"": 1, ""payment_installments"": 1, ""customer_state"": ""SP"", ""seller_locations"": [{""seller_id"": ""7299e27ed73d2ad986de7f7c77d919fa"", ""city"": ""araguari"", ""state"": ""MG""}]}"
e024c4b9445d223aaf705871900bf5e1-p1,00dba3af1366ca8114a40bc83021f5e9,14618,2017-12-01T11:31:58+00:00,e024c4b9445d223aaf705871900bf5e1,,,False,,"{""payment_type"": ""credit_card"", ""payment_sequential"": 1, ""payment_installments"": 2, ""customer_state"": ""SP"", ""seller_locations"": [{""seller_id"": ""391fc6631aebcf3004804e51b40bcf1e"", ""city"": ""ibitinga"", ""state"": ""SP""}]}"
807cabbf50cda6f87625bd1c61a6977c-p1,3ca67cf83218dedd76e9f900261e3b27,4578,2017-12-02T02:52:11+00:00,807cabbf50cda6f87625bd1c61a6977c,,,False,,"{""payment_type"": ""boleto"", ""payment_sequential"": 1, ""payment_installments"": 1, ""customer_state"": ""RS"", ""seller_locations"": [{""seller_id"": ""95e03ca3d4146e4011985981aeb959b9"", ""city"": ""rio de janeiro"", ""state"": ""RJ""}]}"
b55194d272b7e65501f2d19906f38060-p1,9a1b0b7614967e0ed49dce75c4a285f2,12792,2017-12-01T11:31:11+00:00,b55194d272b7e65501f2d19906f38060,,,False,,"{""payment_type"": ""credit_card"", ""payment_sequential"": 1, ""payment_installments"": 5, ""customer_state"": ""RS"", ""seller_locations"": [{""seller_id"": ""a3a38f4affed601eb87a97788c949667"", ""city"": ""joinville"", ""state"": ""SC""}]}"
f049e19134a95d09c806851a5ea1872e-p1,2fe074ea3cc24b8fd57d29effc995f8b,3175,2017-12-01T11:32:19+00:00,f049e19134a95d09c806851a5ea1872e,,,False,,"{""payment_type"": ""credit_card"", ""payment_sequential"": 1, ""payment_installments"": 1, ""customer_state"": ""SP"", ""seller_locations"": [{""seller_id"": ""4a3ca9315b744ce9f8e9374361493884"", ""city"": ""ibitinga"", ""state"": ""SP""}]}"
64d530ee7914438bb094a16e225c7cad-p1,0a1900255aeff59cad6626afe47f1997,15821,2017-12-01T11:31:23+00:00,64d530ee7914438bb094a16e225c7cad,,,False,,"{""payment_type"": ""credit_card"", ""payment_sequential"": 1, ""payment_installments"": 1, ""customer_state"": ""MG"", ""seller_locations"": [{""seller_id"": ""adbc26658d6c7b4b6219f9d934598091"", ""city"": ""curitiba"", ""state"": ""PR""}]}"
a396a3ced410ba6d02ebb907e5c34530-p1,77d730851ce35e9b3f2cc1f8b92b03c9,12020,2017-12-02T02:51:15+00:00,a396a3ced410ba6d02ebb907e5c34530,,,False,,"{""payment_type"": ""boleto"", ""payment_sequential"": 1, ""payment_installments"": 1, ""customer_state"": ""MS"", ""seller_locations"": [{""seller_id"": ""f63d8f293af3a6454377546bd9dd19ff"", ""city"": ""votorantim"", ""state"": ""SP""}]}"
ea4bb4fa30c5a1548498436f448383af-p1,271df0a7b98c752f9717a693bb33cafd,8523,2017-12-02T02:51:33+00:00,ea4bb4fa30c5a1548498436f448383af,,,False,,"{""payment_type"": ""boleto"", ""payment_sequential"": 1, ""payment_installments"": 1, ""customer_state"": ""MG"", ""seller_locations"": [{""seller_id"": ""c9c7905cffc4ef9ff9f113554423e671"", ""city"": ""itapecerica da serra"", ""state"": ""SP""}]}"
62a6791b270d5f309cfe9671c0eca61a-p1,f832d8f651b17291aa60556ebdbaea2d,3669,2017-12-05T04:12:04+00:00,62a6791b270d5f309cfe9671c0eca61a,,,False,,"{""payment_type"": ""boleto"", ""payment_sequential"": 1, ""payment_installments"": 1, ""customer_state"": ""MG"", ""seller_locations"": [{""seller_id"": ""87142160b41353c4e5fca2360caf6f92"", ""city"": ""porto alegre"", ""state"": ""RS""}]}"
e52d6fd1fb812c9f263fd19fddb957d9-p1,3b3a25d327343af47148701d883ab92e,17076,2017-12-01T11:30:56+00:00,e52d6fd1fb812c9f263fd19fddb957d9,,,False,,"{""payment_type"": ""credit_card"", ""payment_sequential"": 1, ""payment_installments"": 2, ""customer_state"": ""SP"", ""seller_locations"": [{""seller_id"": ""897060da8b9a21f655304d50fd935913"", ""city"": ""ribeirao preto"", ""state"": ""SP""}]}"
7319bf0ded2ef22e7388002ce157a95a-p1,366099d1fc91479a59fa878693b55efc,12109,2017-12-01T11:31:11+00:00,7319bf0ded2ef22e7388002ce157a95a,,,False,,"{""payment_type"": ""credit_card"", ""payment_sequential"": 1, ""payment_installments"": 5, ""customer_state"": ""SC"", ""seller_locations"": [{""seller_id"": ""3ca08eeb8d5595949fed424bd3677742"", ""city"": ""curitiba"", ""state"": ""PR""}]}"
dac20199c3b53e630f19bf3dc1744bba-p1,0783cb00028b2271dca70a603e36a447,8121,2017-12-01T11:31:23+00:00,dac20199c3b53e630f19bf3dc1744bba,,,False,,"{""payment_type"": ""credit_card"", ""payment_sequential"": 1, ""payment_installments"": 1, ""customer_state"": ""RN"", ""seller_locations"": [{""seller_id"": ""a416b6a846a11724393025641d4edd5e"", ""city"": ""sao paulo"", ""state"": ""SP""}]}"
b8e050c168370eed245ccf612471a597-p1,c39cba687c7732b71518a21ecc2cb4b2,23446,2017-12-01T11:32:04+00:00,b8e050c168370eed245ccf612471a597,,,False,,"{""payment_type"": ""credit_card"", ""payment_sequential"": 1, ""payment_installments"": 8, ""customer_state"": ""SP"", ""seller_locations"": [{""seller_id"": ""4869f7a5dfa277a7dca6462dcf3b52b2"", ""city"": ""guariba"", ""state"": ""SP""}]}"
cdaa3fb8ca6c3e104eb00fe8a33c88f6-p1,27808c110b4a1fe559638bf911ff227d,4049,2017-12-01T11:31:24+00:00,cdaa3fb8ca6c3e104eb00fe8a33c88f6,,,False,,"{""payment_type"": ""credit_card"", ""payment_sequential"": 1, ""payment_installments"": 1, ""customer_state"": ""MT"", ""seller_locations"": [{""seller_id"": ""8b321bb669392f5163d04c59e235e066"", ""city"": ""sao paulo"", ""state"": ""SP""}]}"
e62ce4c0697f4df07743beb01dae7ded-p1,97f45d4f9959f08764ea7bcda122e8c3,3145,2017-12-01T11:30:56+00:00,e62ce4c0697f4df07743beb01dae7ded,,,False,,"{""payment_type"": ""credit_card"", ""payment_sequential"": 1, ""payment_installments"": 2, ""customer_state"": ""SP"", ""seller_locations"": [{""seller_id"": ""57fe6232e67823593374a2281d7a8af8"", ""city"": ""capivari"", ""state"": ""SP""}]}"
213014b043512462e21606eccb1a4aae-p1,9a2054a51cf807e1fa4bee356f28a9c6,14304,2017-12-01T11:31:59+00:00,213014b043512462e21606eccb1a4aae,,,False,,"{""payment_type"": ""credit_card"", ""payment_sequential"": 1, ""payment_installments"": 3, ""customer_state"": ""SP"", ""seller_locations"": [{""seller_id"": ""1430239a858e7682bbc43b20758af153"", ""city"": ""sao paulo"", ""state"": ""SP""}]}"
99c9fec8ab028336e605f216e55337e6-p1,833aa52735ad47163e479b4684b0f82e,6500,2017-12-01T11:30:58+00:00,99c9fec8ab028336e605f216e55337e6,,,False,,"{""payment_type"": ""credit_card"", ""payment_sequential"": 1, ""payment_installments"": 1, ""customer_state"": ""PR"", ""seller_locations"": [{""seller_id"": ""7178f9f4dd81dcef02f62acdf8151e01"", ""city"": ""videira"", ""state"": ""SC""}]}"
d28e453f6e9b4d972a755ee769b9835b-p1,384d030cbc406cbce07e8427aa07b88a,25048,2017-12-02T02:38:33+00:00,d28e453f6e9b4d972a755ee769b9835b,,,False,,"{""payment_type"": ""boleto"", ""payment_sequential"": 1, ""payment_installments"": 1, ""customer_state"": ""SP"", ""seller_locations"": [{""seller_id"": ""f262cbc1c910c83959f849465454ddd3"", ""city"": ""sao paulo"", ""state"": ""SP""}]}"
ad407659bb666af1f681e7ffa1f9e6aa-p1,4a1e99ce3e140ac9dee0339d1712b7db,17698,2017-12-01T11:31:12+00:00,ad407659bb666af1f681e7ffa1f9e6aa,,,False,,"{""payment_type"": ""credit_card"", ""payment_sequential"": 1, ""payment_installments"": 6, ""customer_state"": ""BA"", ""seller_locations"": [{""seller_id"": ""bfd27a966d91cfaafdb25d076585f0da"", ""city"": ""serra negra"", ""state"": ""SP""}]}"
039681a3b797611f717a3232e87f60ef-p1,745c617eae511cb90924075d841e7b95,8521,2017-12-01T11:31:08+00:00,039681a3b797611f717a3232e87f60ef,,,False,,"{""payment_type"": ""credit_card"", ""payment_sequential"": 1, ""payment_installments"": 8, ""customer_state"": ""MS"", ""seller_locations"": [{""seller_id"": ""6cd68b3ed6d59aaa9fece558ad360c0a"", ""city"": ""belo horizonte"", ""state"": ""MG""}]}"
b9cbf1e1ae5d599ed61a06f92b1eabe6-p1,5caed5b69635770ef574067e85255c52,6378,2017-12-01T11:31:59+00:00,b9cbf1e1ae5d599ed61a06f92b1eabe6,,,False,,"{""payment_type"": ""credit_card"", ""payment_sequential"": 1, ""payment_installments"": 3, ""customer_state"": ""SP"", ""seller_locations"": [{""seller_id"": ""6560211a19b47992c3666cc44a7e94c0"", ""city"": ""sao paulo"", ""state"": ""SP""}]}"
23ac58266e694557a7c7da266ed6c316-p1,06ac67aef7797f7d7bca9a777136b752,6109,2017-12-01T11:31:42+00:00,23ac58266e694557a7c7da266ed6c316,,,False,,"{""payment_type"": ""credit_card"", ""payment_sequential"": 1, ""payment_installments"": 1, ""customer_state"": ""MG"", ""seller_locations"": [{""seller_id"": ""4830e40640734fc1c52cd21127c341d4"", ""city"": ""sao paulo"", ""state"": ""SP""}]}"
1595ad12e30eb87fdcd5fc501f7f93e9-p1,1a2064ab78800fa8e19c46e40942cc0c,13205,2017-12-01T11:31:59+00:00,1595ad12e30eb87fdcd5fc501f7f93e9,,,False,,"{""payment_type"": ""credit_card"", ""payment_sequential"": 1, ""payment_installments"": 6, ""customer_state"": ""SP"", ""seller_locations"": [{""seller_id"": ""c826c40d7b19f62a09e2d7c5e7295ee2"", ""city"": ""guarulhos"", ""state"": ""SP""}]}"
2d7d78a1457c3765a5ee5dcae46046fd-p1,c450d45f5d533d91e3dd695b08b55a36,25794,2017-12-01T11:30:56+00:00,2d7d78a1457c3765a5ee5dcae46046fd,,,False,,"{""payment_type"": ""credit_card"", ""payment_sequential"": 1, ""payment_installments"": 1, ""customer_state"": ""SP"", ""seller_locations"": [{""seller_id"": ""dd55f1bb788714a40e7954c3be6df745"", ""city"": ""sao paulo"", ""state"": ""SP""}]}"
99fa6518deac14b2890b49d1645d64be-p1,55f8517e3e572aa06923169cf5d0b011,9558,2017-12-01T11:31:59+00:00,99fa6518deac14b2890b49d1645d64be,,,False,,"{""payment_type"": ""credit_card"", ""payment_sequential"": 1, ""payment_installments"": 1, ""customer_state"": ""SP"", ""seller_locations"": [{""seller_id"": ""d1c281d3ae149232351cd8c8cc885f0d"", ""city"": ""ibitinga"", ""state"": ""SP""}]}"
e23ad32d5c15d9ad308baddc6262afea-p1,3e43e6105506432c953e165fb2acf44c,11540,2017-12-02T15:50:49+00:00,e23ad32d5c15d9ad308baddc6262afea,,,False,,"{""payment_type"": ""credit_card"", ""payment_sequential"": 1, ""payment_installments"": 8, ""customer_state"": ""SP"", ""seller_locations"": [{""seller_id"": ""f1ed6bd0a9b11b581f16c851c6a5a527"", ""city"": ""porto alegre"", ""state"": ""RS""}]}"
f2b65e04ebfd135c2194e2c36a9d821e-p1,215cc2b07a8142021155670b573a671f,7678,2017-12-01T11:30:56+00:00,f2b65e04ebfd135c2194e2c36a9d821e,,,False,,"{""payment_type"": ""credit_card"", ""payment_sequential"": 1, ""payment_installments"": 3, ""customer_state"": ""SP"", ""seller_locations"": [{""seller_id"": ""6560211a19b47992c3666cc44a7e94c0"", ""city"": ""sao paulo"", ""state"": ""SP""}]}"
27587cc5a5f975239e49460102252868-p3,6594a65023bcb47539aa91b0f8e98e00-variant,6459,2017-12-01T11:31:37+00:00,,,,True,,"{""payment_type"": ""voucher"", ""payment_sequential"": 3, ""payment_installments"": 1, ""customer_state"": ""RJ"", ""seller_locations"": [{""seller_id"": ""e99e927c81e3f51739c94fcdfca9f10f"", ""city"": ""uberlandia"", ""state"": ""MG""}], ""fault_id"": ""A""}"
27587cc5a5f975239e49460102252868-p1,6594a65023bcb47539aa91b0f8e98e00-variant,3183,2017-12-01T11:31:37+00:00,,,,True,,"{""payment_type"": ""credit_card"", ""payment_sequential"": 1, ""payment_installments"": 1, ""customer_state"": ""RJ"", ""seller_locations"": [{""seller_id"": ""e99e927c81e3f51739c94fcdfca9f10f"", ""city"": ""uberlandia"", ""state"": ""MG""}], ""fault_id"": ""A""}"
27587cc5a5f975239e49460102252868-p2,6594a65023bcb47539aa91b0f8e98e00-variant,2475,2017-12-01T11:31:37+00:00,,,,True,,"{""payment_type"": ""voucher"", ""payment_sequential"": 2, ""payment_installments"": 1, ""customer_state"": ""RJ"", ""seller_locations"": [{""seller_id"": ""e99e927c81e3f51739c94fcdfca9f10f"", ""city"": ""uberlandia"", ""state"": ""MG""}], ""fault_id"": ""A""}"
8acd3c67960fe58a4eeed4d38cb3d578-p1,a2c15de05ef380b5a7eaf915898926db,10528,2017-12-01T11:31:37+00:00,8acd3c67960fe58a4eeed4d38cb3d578,,,False,,"{""payment_type"": ""credit_card"", ""payment_sequential"": 1, ""payment_installments"": 2, ""customer_state"": ""RJ"", ""seller_locations"": [{""seller_id"": ""670a9dda115b5a88b18cfadee8de2332"", ""city"": ""ribeirao preto"", ""state"": ""SP""}]}"
c9a88d4905eaf518dd4a6fb776134990-p1,f148041f970c084006b2a719e9459a8e,11180,2017-12-05T04:17:28+00:00,c9a88d4905eaf518dd4a6fb776134990,,,False,,"{""payment_type"": ""boleto"", ""payment_sequential"": 1, ""payment_installments"": 1, ""customer_state"": ""SP"", ""seller_locations"": [{""seller_id"": ""bd23da7354813347129d751591d1a6e2"", ""city"": ""sao paulo"", ""state"": ""SP""}]}"
a5d81ef92239f2dfe3b2aef1416077aa-p1,3096afde2d10fa3f4520f993ac9ffa96,13860,2017-12-01T11:31:37+00:00,a5d81ef92239f2dfe3b2aef1416077aa,,,False,,"{""payment_type"": ""credit_card"", ""payment_sequential"": 1, ""payment_installments"": 6, ""customer_state"": ""RS"", ""seller_locations"": [{""seller_id"": ""c826c40d7b19f62a09e2d7c5e7295ee2"", ""city"": ""guarulhos"", ""state"": ""SP""}]}"
3a67e05f7b4f7fe736e90e6acc8689b3-p1,a4855898fe5347ef4ec54192c7053768,35651,2017-12-01T11:31:59+00:00,3a67e05f7b4f7fe736e90e6acc8689b3,,,False,,"{""payment_type"": ""credit_card"", ""payment_sequential"": 1, ""payment_installments"": 7, ""customer_state"": ""PI"", ""seller_locations"": [{""seller_id"": ""76d5af76d0271110f9af36c92573f765"", ""city"": ""sao paulo"", ""state"": ""SP""}]}"
da25492a616ea75359094ce9180d2691-p1,5ed68fbea058394fe9017715f735f89e,18880,2017-12-01T11:31:06+00:00,da25492a616ea75359094ce9180d2691,,,False,,"{""payment_type"": ""credit_card"", ""payment_sequential"": 1, ""payment_installments"": 2, ""customer_state"": ""SP"", ""seller_locations"": [{""seller_id"": ""cc419e0650a3c5ba77189a1882b7556a"", ""city"": ""santo andre"", ""state"": ""SP""}]}"
e43a18300d40c9a864931b5ebb5b3352-p1,21fbbe880ef907377e90229f91a02801,5678,2017-12-01T11:31:59+00:00,e43a18300d40c9a864931b5ebb5b3352,,,False,,"{""payment_type"": ""credit_card"", ""payment_sequential"": 1, ""payment_installments"": 5, ""customer_state"": ""MG"", ""seller_locations"": [{""seller_id"": ""d98eec89afa3380e14463da2aabaea72"", ""city"": ""porto alegre"", ""state"": ""RS""}]}"
9f152df03010e6512d7911ee3d51a2de-p1,d8bb7fd9a4b36e5f1d0d7f7dc9b66cca,14838,2017-12-01T11:31:06+00:00,9f152df03010e6512d7911ee3d51a2de,,,False,,"{""payment_type"": ""credit_card"", ""payment_sequential"": 1, ""payment_installments"": 1, ""customer_state"": ""BA"", ""seller_locations"": [{""seller_id"": ""de23c3b98a88888289c6f5cc1209054a"", ""city"": ""sao paulo"", ""state"": ""SP""}]}"
f5763c685bf8e3a552c2fcaa60aaa868-p1,f40ecb069c4acc54019e3912a48c21e5,7699,2017-12-01T11:31:54+00:00,f5763c685bf8e3a552c2fcaa60aaa868,,,False,,"{""payment_type"": ""credit_card"", ""payment_sequential"": 1, ""payment_installments"": 4, ""customer_state"": ""BA"", ""seller_locations"": [{""seller_id"": ""855668e0971d4dfd7bef1b6a4133b41b"", ""city"": ""itatiba"", ""state"": ""SP""}]}"
197be0df90e5b459a14669e32c8ce1ff-p1,1dfde15592f9f515c05afa0a58075f25,11428,2017-12-01T11:31:06+00:00,197be0df90e5b459a14669e32c8ce1ff,,,False,,"{""payment_type"": ""credit_card"", ""payment_sequential"": 1, ""payment_installments"": 6, ""customer_state"": ""RJ"", ""seller_locations"": [{""seller_id"": ""46dc3b2cc0980fb8ec44634e21d2718e"", ""city"": ""rio de janeiro"", ""state"": ""RJ""}]}"
cfbf483c7d7176367a983006d36de1f9-p1,073b3547c939512360420845181cd3b7,12401,2017-12-01T11:31:54+00:00,cfbf483c7d7176367a983006d36de1f9,,,False,,"{""payment_type"": ""credit_card"", ""payment_sequential"": 1, ""payment_installments"": 10, ""customer_state"": ""SC"", ""seller_locations"": [{""seller_id"": ""3d871de0142ce09b7081e2b9d1733cb1"", ""city"": ""campo limpo paulista"", ""state"": ""SP""}]}"
f9207b5726780645ebba8401ccc336c6-p1,a3b604670572162b5f9fecffaab090ce,10062,2017-12-01T11:31:06+00:00,f9207b5726780645ebba8401ccc336c6,,,False,,"{""payment_type"": ""credit_card"", ""payment_sequential"": 1, ""payment_installments"": 10, ""customer_state"": ""SP"", ""seller_locations"": [{""seller_id"": ""7aa4334be125fcdd2ba64b3180029f14"", ""city"": ""laranjal paulista"", ""state"": ""SP""}]}"
7eae04ada6ffa5ce119fe7526c8d77d5-p1,6aff90e0a744227f717c3bc35acf3818,65822,2017-12-01T11:32:10+00:00,7eae04ada6ffa5ce119fe7526c8d77d5,,,False,,"{""payment_type"": ""credit_card"", ""payment_sequential"": 1, ""payment_installments"": 10, ""customer_state"": ""SP"", ""seller_locations"": [{""seller_id"": ""056b4ada5bbc2c50cc7842547dda6b51"", ""city"": ""queimados"", ""state"": ""RJ""}]}"
bf8a5f3ed4349bd5873e69a7bf24afdd-p1,56e3a158ef88285f2c15a83db0b13d93,11261,2017-12-01T11:31:08+00:00,bf8a5f3ed4349bd5873e69a7bf24afdd,,,False,,"{""payment_type"": ""credit_card"", ""payment_sequential"": 1, ""payment_installments"": 1, ""customer_state"": ""SP"", ""seller_locations"": [{""seller_id"": ""e9bc59e7b60fc3063eb2290deda4cced"", ""city"": ""maringa"", ""state"": ""PR""}]}"
2452ee5125bebf2bf5ad486a22d155f8-p1,a836949b8cf583b1868d8d7ea4ca1614,16479,2017-12-01T11:30:55+00:00,2452ee5125bebf2bf5ad486a22d155f8,,,False,,"{""payment_type"": ""credit_card"", ""payment_sequential"": 1, ""payment_installments"": 1, ""customer_state"": ""RS"", ""seller_locations"": [{""seller_id"": ""b33e7c55446eabf8fe1a42d037ac7d6d"", ""city"": ""pradopolis"", ""state"": ""SP""}]}"
fef00682c5632c29ceb8729e3314371d-p1,727a7af284480a3e04b14a527f8b09e4,17357,2017-12-02T02:39:22+00:00,fef00682c5632c29ceb8729e3314371d,,,False,,"{""payment_type"": ""boleto"", ""payment_sequential"": 1, ""payment_installments"": 1, ""customer_state"": ""SP"", ""seller_locations"": [{""seller_id"": ""70eea00b476a314817cefde4aad4f89a"", ""city"": ""itatiba"", ""state"": ""SP""}]}"
042ce41927758767ec2aa0de06486b4c-p1,1479d41bbd302e37d1316c996c1f55ae,59277,2017-12-03T10:53:16+00:00,042ce41927758767ec2aa0de06486b4c,,,False,,"{""payment_type"": ""credit_card"", ""payment_sequential"": 1, ""payment_installments"": 10, ""customer_state"": ""MG"", ""seller_locations"": [{""seller_id"": ""dd533b429f380718b70ad9922c294bae"", ""city"": ""barretos"", ""state"": ""SP""}]}"
643c6388737fabccf1b2df09b4b68703-p1,b0029d0771588d41e23553aa22cdf95d,6400,2017-12-01T11:31:08+00:00,643c6388737fabccf1b2df09b4b68703,,,False,,"{""payment_type"": ""credit_card"", ""payment_sequential"": 1, ""payment_installments"": 2, ""customer_state"": ""MG"", ""seller_locations"": [{""seller_id"": ""4c2b230173bb36f9b240f2b8ac11786e"", ""city"": ""sao paulo"", ""state"": ""SP""}]}"
78d80f8efd220a6a3b81a6cd1b9737e1-p1,8ba288e396a0a48fd28eacc09f43b085,4710,2017-12-01T11:31:54+00:00,78d80f8efd220a6a3b81a6cd1b9737e1,,,False,,"{""payment_type"": ""credit_card"", ""payment_sequential"": 1, ""payment_installments"": 1, ""customer_state"": ""MG"", ""seller_locations"": [{""seller_id"": ""643214e62b870443ccbe55ab29a4dccf"", ""city"": ""sao paulo"", ""state"": ""SP""}]}"
c91b29576f970b27d90f5b214c88283f-p1,fec96cd46fad4b51d84fdac82c88e4db,7377,2017-12-01T12:31:34+00:00,c91b29576f970b27d90f5b214c88283f,,,False,,"{""payment_type"": ""credit_card"", ""payment_sequential"": 1, ""payment_installments"": 1, ""customer_state"": ""MG"", ""seller_locations"": [{""seller_id"": ""013900e863eace745d3ec7614cab5b1a"", ""city"": ""curitiba"", ""state"": ""PR""}]}"
20964c77d7bb845d228094e71ea28101-p1,6f984cb70006e5af276f7765f3eb3992,11574,2017-12-01T12:31:39+00:00,20964c77d7bb845d228094e71ea28101,,,False,,"{""payment_type"": ""credit_card"", ""payment_sequential"": 1, ""payment_installments"": 2, ""customer_state"": ""SP"", ""seller_locations"": [{""seller_id"": ""95f83f51203c626648c875dd41874c7f"", ""city"": ""borda da mata"", ""state"": ""MG""}]}"
00bd8cf08fa3998ea6ad6d16c2165822-p1,4cfea1c0d66ed41b769d78040e59fa73,3428,2017-12-01T11:31:16+00:00,00bd8cf08fa3998ea6ad6d16c2165822,,,False,,"{""payment_type"": ""credit_card"", ""payment_sequential"": 1, ""payment_installments"": 1, ""customer_state"": ""MG"", ""seller_locations"": [{""seller_id"": ""0509040ea3fe50071181bbc359eb7738"", ""city"": ""belo horizonte"", ""state"": ""MG""}]}"
a98fe09b46d38252ffe1bcccb1a6641b-p1,9dcd4e3d159ef86072afb542f17d5641,4969,2017-12-01T12:31:33+00:00,a98fe09b46d38252ffe1bcccb1a6641b,,,False,,"{""payment_type"": ""credit_card"", ""payment_sequential"": 1, ""payment_installments"": 3, ""customer_state"": ""MG"", ""seller_locations"": [{""seller_id"": ""e63e8bfa530fb16910dd6956e592bb81"", ""city"": ""guarulhos"", ""state"": ""SP""}]}"
cc6002db285464dcb2db31b6dc81f78c-p1,a3f67d68f7506c76a420c5f2a0e41460,6400,2017-12-05T04:13:57+00:00,cc6002db285464dcb2db31b6dc81f78c,,,False,,"{""payment_type"": ""boleto"", ""payment_sequential"": 1, ""payment_installments"": 1, ""customer_state"": ""GO"", ""seller_locations"": [{""seller_id"": ""f4a04f7be452aa3bb31760bf00055dd0"", ""city"": ""santo andre"", ""state"": ""SP""}]}"
a03dd4329530db7fc4201347345864c5-p1,c6ffc8db817fa2d51f5228864c055cdc,8872,2017-12-01T12:31:34+00:00,a03dd4329530db7fc4201347345864c5,,,False,,"{""payment_type"": ""credit_card"", ""payment_sequential"": 1, ""payment_installments"": 3, ""customer_state"": ""RJ"", ""seller_locations"": [{""seller_id"": ""7aa4334be125fcdd2ba64b3180029f14"", ""city"": ""laranjal paulista"", ""state"": ""SP""}]}"
c15509fbb2f63d140e9f78220c6163e6-p1,782fa011637ad33d9dc48856380df409,10778,2017-12-01T11:31:54+00:00,c15509fbb2f63d140e9f78220c6163e6,,,False,,"{""payment_type"": ""credit_card"", ""payment_sequential"": 1, ""payment_installments"": 2, ""customer_state"": ""MG"", ""seller_locations"": [{""seller_id"": ""41b39e28db005d9731d9d485a83b4c38"", ""city"": ""santo andre"", ""state"": ""SP""}]}"
014176e9538672a32d2a9b73bf53a31f-p1,0fd8ff3aed86ac28b280a2b352cd7689,15664,2017-12-01T11:31:01+00:00,014176e9538672a32d2a9b73bf53a31f,,,False,,"{""payment_type"": ""credit_card"", ""payment_sequential"": 1, ""payment_installments"": 6, ""customer_state"": ""MG"", ""seller_locations"": [{""seller_id"": ""b2ba3715d723d245138f291a6fe42594"", ""city"": ""sao paulo"", ""state"": ""SP""}]}"
b5839f6ef0df11dd4912bc5bfa299e3f-p1,bb2b2aec0c5c877e68061f41eef52016,2500,2017-12-01T11:31:01+00:00,b5839f6ef0df11dd4912bc5bfa299e3f,,,False,,"{""payment_type"": ""credit_card"", ""payment_sequential"": 1, ""payment_installments"": 1, ""customer_state"": ""PR"", ""seller_locations"": [{""seller_id"": ""8b321bb669392f5163d04c59e235e066"", ""city"": ""sao paulo"", ""state"": ""SP""}]}"
f8f71fc4d28872b4d80e802d58d73c27-p1,f9675a69fd667de8b891bd7506f14a4a,6601,2017-12-01T12:31:33+00:00,f8f71fc4d28872b4d80e802d58d73c27,,,False,,"{""payment_type"": ""credit_card"", ""payment_sequential"": 1, ""payment_installments"": 4, ""customer_state"": ""RJ"", ""seller_locations"": [{""seller_id"": ""cca3071e3e9bb7d12640c9fbe2301306"", ""city"": ""ibitinga"", ""state"": ""SP""}]}"
4f922bb38b84918b2711a293c04055aa-p1,5ebe183df26c51bcfb30f709ea794080,10678,2017-12-02T02:52:20+00:00,4f922bb38b84918b2711a293c04055aa,,,False,,"{""payment_type"": ""boleto"", ""payment_sequential"": 1, ""payment_installments"": 1, ""customer_state"": ""MG"", ""seller_locations"": [{""seller_id"": ""a49928bcdf77c55c6d6e05e09a9b4ca5"", ""city"": ""sao paulo"", ""state"": ""SP""}]}"
ee1de1bcd287c6d9584b5e78d1b534be-p1,978c8ffba59f7650d77198236ada2e26,19699,2017-12-01T11:30:59+00:00,ee1de1bcd287c6d9584b5e78d1b534be,,,False,,"{""payment_type"": ""credit_card"", ""payment_sequential"": 1, ""payment_installments"": 4, ""customer_state"": ""SP"", ""seller_locations"": [{""seller_id"": ""63b464dbf392c7b80d12d932fa7cafed"", ""city"": ""sao paulo"", ""state"": ""SP""}]}"
52993856cd387ab5a4dd553e66dbdc6c-p1,2badb89298df400ba5c894b963a044b5,36499,2017-12-01T11:31:01+00:00,52993856cd387ab5a4dd553e66dbdc6c,,,False,,"{""payment_type"": ""credit_card"", ""payment_sequential"": 1, ""payment_installments"": 3, ""customer_state"": ""RJ"", ""seller_locations"": [{""seller_id"": ""fa1c13f2614d7b5c4749cbc52fecda94"", ""city"": ""sumare"", ""state"": ""SP""}]}"
366f322ad95ebd9a14346c9f8425a68b-p1,732fcda8c52d36068fec11e6a61f73e8,17999,2017-12-01T11:31:24+00:00,366f322ad95ebd9a14346c9f8425a68b,,,False,,"{""payment_type"": ""credit_card"", ""payment_sequential"": 1, ""payment_installments"": 2, ""customer_state"": ""SP"", ""seller_locations"": [{""seller_id"": ""f262cbc1c910c83959f849465454ddd3"", ""city"": ""sao paulo"", ""state"": ""SP""}]}"
c6697f0b5a341cb2e357e996c100664a-p1,7311b47a208b4f5af09ccc62fafea9e2,13195,2017-12-02T02:39:22+00:00,c6697f0b5a341cb2e357e996c100664a,,,False,,"{""payment_type"": ""boleto"", ""payment_sequential"": 1, ""payment_installments"": 1, ""customer_state"": ""RJ"", ""seller_locations"": [{""seller_id"": ""0ed6ce5d87fd9c69eaacaeb778d67235"", ""city"": ""americana"", ""state"": ""SP""}]}"
7c25901497bcbcd47e95319a15d2730c-p1,a0e2f56981d89ed966ffc3fa68c6466e,33348,2017-12-01T11:31:05+00:00,7c25901497bcbcd47e95319a15d2730c,,,False,,"{""payment_type"": ""credit_card"", ""payment_sequential"": 1, ""payment_installments"": 1, ""customer_state"": ""SP"", ""seller_locations"": [{""seller_id"": ""1c68394e931a64f90ea236c5ea590300"", ""city"": ""sarandi"", ""state"": ""PR""}]}"
b1d22c557be74f08bc72282e60ee1e4a-p1,6f5de0a511d5e82fbd0cc9289ac9aa23,13559,2017-12-02T02:51:22+00:00,b1d22c557be74f08bc72282e60ee1e4a,,,False,,"{""payment_type"": ""boleto"", ""payment_sequential"": 1, ""payment_installments"": 1, ""customer_state"": ""ES"", ""seller_locations"": [{""seller_id"": ""1dd33b8119b3cb1056ed5dc88cd0aaf4"", ""city"": ""sao paulo"", ""state"": ""SP""}]}"
2275c86505ffbdf6aa88cd91bfeeae33-p1,96a9a44255930061d8f6a93d4893d986,4479,2017-12-01T11:30:53+00:00,2275c86505ffbdf6aa88cd91bfeeae33,,,False,,"{""payment_type"": ""credit_card"", ""payment_sequential"": 1, ""payment_installments"": 2, ""customer_state"": ""MG"", ""seller_locations"": [{""seller_id"": ""98dac6635aee4995d501a3972e047414"", ""city"": ""sao paulo"", ""state"": ""SP""}]}"
2058cb04c2f484f6c016669b62e2c3e1-p1,af4a6773a06ca0a24f4b9c5893650e40,6601,2017-12-01T12:31:33+00:00,2058cb04c2f484f6c016669b62e2c3e1,,,False,,"{""payment_type"": ""credit_card"", ""payment_sequential"": 1, ""payment_installments"": 1, ""customer_state"": ""DF"", ""seller_locations"": [{""seller_id"": ""3df020b72d3d44b3af9d110fa3940b65"", ""city"": ""jales"", ""state"": ""SP""}]}"
981169eaa134f634b547095d9321e3dc-p1,5e7137f3d110ffa67ffd3bd806e8f39c,1678,2017-12-01T12:31:30+00:00,981169eaa134f634b547095d9321e3dc,,,False,,"{""payment_type"": ""credit_card"", ""payment_sequential"": 1, ""payment_installments"": 1, ""customer_state"": ""SP"", ""seller_locations"": [{""seller_id"": ""8b321bb669392f5163d04c59e235e066"", ""city"": ""sao paulo"", ""state"": ""SP""}]}"
dbf6b190a7df1df00c6afaf326098789-p1,0ef74915f9bd7ef70668a50d59b635aa,5372,2017-12-01T12:31:31+00:00,dbf6b190a7df1df00c6afaf326098789,,,False,,"{""payment_type"": ""credit_card"", ""payment_sequential"": 1, ""payment_installments"": 1, ""customer_state"": ""SP"", ""seller_locations"": [{""seller_id"": ""070d165398b553f3b4b851c216b8a358"", ""city"": ""sao paulo"", ""state"": ""SP""}]}"
05c5e3014f8ec516123fd4c74f49b051-p1,ab2cd5cfd198ddfe26f7d208905daddc,4209,2017-12-01T12:31:27+00:00,05c5e3014f8ec516123fd4c74f49b051,,,False,,"{""payment_type"": ""credit_card"", ""payment_sequential"": 1, ""payment_installments"": 1, ""customer_state"": ""RJ"", ""seller_locations"": [{""seller_id"": ""aa1eb17b9fdf6dfd546e25c45c7b9235"", ""city"": ""sao paulo"", ""state"": ""SP""}]}"
be898fe8e3213cd0d57464c0b1284b99-p1,863bdd77d135015fc5c250a5255864a6,61965,2017-12-01T12:31:37+00:00,be898fe8e3213cd0d57464c0b1284b99,,,False,,"{""payment_type"": ""credit_card"", ""payment_sequential"": 1, ""payment_installments"": 6, ""customer_state"": ""PA"", ""seller_locations"": [{""seller_id"": ""34d1ca11b242c0fee2c834ae8d788566"", ""city"": ""congonhas"", ""state"": ""MG""}]}"
6cd6b68f7a9798a25f718d069608419f-p1,0a677b0577559ca6c6ce9b4c97fba7d0,10501,2017-12-01T12:31:30+00:00,6cd6b68f7a9798a25f718d069608419f,,,False,,"{""payment_type"": ""credit_card"", ""payment_sequential"": 1, ""payment_installments"": 10, ""customer_state"": ""PE"", ""seller_locations"": [{""seller_id"": ""95e03ca3d4146e4011985981aeb959b9"", ""city"": ""rio de janeiro"", ""state"": ""RJ""}]}"
7ab220eedaceff45d6b2bfdad5292a96-p1,0be75d075756fd1b54cb2f7ebfcd6432,9440,2017-12-01T12:31:28+00:00,7ab220eedaceff45d6b2bfdad5292a96,,,False,,"{""payment_type"": ""credit_card"", ""payment_sequential"": 1, ""payment_installments"": 2, ""customer_state"": ""SP"", ""seller_locations"": [{""seller_id"": ""cc419e0650a3c5ba77189a1882b7556a"", ""city"": ""santo andre"", ""state"": ""SP""}]}"
9e89e45d01fc1c23ba675ab3dfbfa722-p1,ce65f5dccfcee167d6fde61b6f7029fe,30421,2017-12-01T12:31:27+00:00,9e89e45d01fc1c23ba675ab3dfbfa722,,,True,,"{""payment_type"": ""credit_card"", ""payment_sequential"": 1, ""payment_installments"": 10, ""customer_state"": ""RJ"", ""seller_locations"": [{""seller_id"": ""46dc3b2cc0980fb8ec44634e21d2718e"", ""city"": ""rio de janeiro"", ""state"": ""RJ""}], ""fault_id"": ""D"", ""shortfall_centavos"": 1071}"
6c49d31e69b107dfcd20d06bf4141749-p1,879f0badb54016c5d10cd2164e56f1ac,3801,2017-12-01T12:31:34+00:00,6c49d31e69b107dfcd20d06bf4141749,,,False,,"{""payment_type"": ""credit_card"", ""payment_sequential"": 1, ""payment_installments"": 1, ""customer_state"": ""MG"", ""seller_locations"": [{""seller_id"": ""0ea22c1cfbdc755f86b9b54b39c16043"", ""city"": ""sete lagoas"", ""state"": ""MG""}]}"
fe2cf0b53cf21416269ca17fd38060ab-p1,37058be38f15883c363d658ade716ee9,18848,2017-12-02T10:30:41+00:00,fe2cf0b53cf21416269ca17fd38060ab,,,False,,"{""payment_type"": ""credit_card"", ""payment_sequential"": 1, ""payment_installments"": 3, ""customer_state"": ""SP"", ""seller_locations"": [{""seller_id"": ""ce248b21cb2adc36282ede306b7660e5"", ""city"": ""jaragua do sul"", ""state"": ""SC""}]}"
4310f91feaa68e3b065256b3a4debe75-p1,d57abf41b8c0ff61d15d0fc06f21258f,29832,2017-12-05T04:13:30+00:00,4310f91feaa68e3b065256b3a4debe75,,,False,,"{""payment_type"": ""boleto"", ""payment_sequential"": 1, ""payment_installments"": 1, ""customer_state"": ""SP"", ""seller_locations"": [{""seller_id"": ""d50d79cb34e38265a8649c383dcffd48"", ""city"": ""sao paulo"", ""state"": ""SP""}]}"
4802922b16a37af8db6fb3df54b07860-p2,b1225386ce404a49a244390535d07f92,5000,2017-12-01T12:31:27+00:00,4802922b16a37af8db6fb3df54b07860,,,False,,"{""payment_type"": ""voucher"", ""payment_sequential"": 2, ""payment_installments"": 1, ""customer_state"": ""RJ"", ""seller_locations"": [{""seller_id"": ""cc419e0650a3c5ba77189a1882b7556a"", ""city"": ""santo andre"", ""state"": ""SP""}]}"
4802922b16a37af8db6fb3df54b07860-p1,b1225386ce404a49a244390535d07f92,2114,2017-12-01T12:31:27+00:00,4802922b16a37af8db6fb3df54b07860,,,False,,"{""payment_type"": ""credit_card"", ""payment_sequential"": 1, ""payment_installments"": 1, ""customer_state"": ""RJ"", ""seller_locations"": [{""seller_id"": ""cc419e0650a3c5ba77189a1882b7556a"", ""city"": ""santo andre"", ""state"": ""SP""}]}"
58a18ff759db7b6e8f84744c86b9b461-p1,64c5854c7d6b7c2daa86fb6e8b86c5c5,7634,2017-12-02T02:37:21+00:00,58a18ff759db7b6e8f84744c86b9b461,,,False,,"{""payment_type"": ""boleto"", ""payment_sequential"": 1, ""payment_installments"": 1, ""customer_state"": ""SP"", ""seller_locations"": [{""seller_id"": ""cfb1a033743668a192316f3c6d1d2671"", ""city"": ""votorantim"", ""state"": ""SP""}]}"
93222f3437bf5871248bac05a9e60454-p1,211af9953196ee0d130c9e98c1750872,19902,2017-12-01T12:31:37+00:00,93222f3437bf5871248bac05a9e60454,,,False,,"{""payment_type"": ""credit_card"", ""payment_sequential"": 1, ""payment_installments"": 1, ""customer_state"": ""SP"", ""seller_locations"": [{""seller_id"": ""7c67e1448b00f6e969d365cea6b010ab"", ""city"": ""itaquaquecetuba"", ""state"": ""SP""}]}"
0849eaf857ddbba0d7a97887503f9795-p1,39deed49c6a307b9b5a83d7fcf45924a,10643,2017-12-01T12:31:33+00:00,0849eaf857ddbba0d7a97887503f9795,,,False,,"{""payment_type"": ""credit_card"", ""payment_sequential"": 1, ""payment_installments"": 1, ""customer_state"": ""DF"", ""seller_locations"": [{""seller_id"": ""955fee9216a65b617aa5c0531780ce60"", ""city"": ""sao paulo"", ""state"": ""SP""}]}"
dff84ff9aec9a566fa61a67661110009-p1,8555a17ba20435f173a230c3ced133fd,5491,2017-12-01T12:31:34+00:00,dff84ff9aec9a566fa61a67661110009,,,False,,"{""payment_type"": ""credit_card"", ""payment_sequential"": 1, ""payment_installments"": 2, ""customer_state"": ""SP"", ""seller_locations"": [{""seller_id"": ""1025f0e2d44d7041d6cf58b6550e0bfa"", ""city"": ""sao paulo"", ""state"": ""SP""}]}"
55d80e98635154dd309f2cb107f5e205-p1,8555a17ba20435f173a230c3ced133fd,7243,2017-12-01T12:31:37+00:00,55d80e98635154dd309f2cb107f5e205,,,False,,"{""payment_type"": ""credit_card"", ""payment_sequential"": 1, ""payment_installments"": 2, ""customer_state"": ""SP"", ""seller_locations"": [{""seller_id"": ""1f50f920176fa81dab994f9023523100"", ""city"": ""sao jose do rio preto"", ""state"": ""SP""}]}"
a4626ad7558acf9abc9358586c8bacaf-p1,b6f681a86e6082ece0517a91927ba389,29811,2017-12-01T12:31:28+00:00,a4626ad7558acf9abc9358586c8bacaf,,,False,,"{""payment_type"": ""credit_card"", ""payment_sequential"": 1, ""payment_installments"": 10, ""customer_state"": ""MG"", ""seller_locations"": [{""seller_id"": ""da8622b14eb17ae2831f4ac5b9dab84a"", ""city"": ""piracicaba"", ""state"": ""SP""}]}"
dac46445d06a7c26842b2e8b7bc04be4-p1,7cc882b8c6b9017716e362d74026e850,6822,2017-12-01T12:31:25+00:00,dac46445d06a7c26842b2e8b7bc04be4,,,False,,"{""payment_type"": ""credit_card"", ""payment_sequential"": 1, ""payment_installments"": 1, ""customer_state"": ""SP"", ""seller_locations"": [{""seller_id"": ""8648b1e89e9b349e32d3741b30ec737e"", ""city"": ""jacarei"", ""state"": ""SP""}]}"
e98b495d3efa269c922cf62d18c6e2ec-p1,9b2efb55dd99203d79594dd9f4db76b1,25597,2017-12-04T09:58:43+00:00,e98b495d3efa269c922cf62d18c6e2ec,,,False,,"{""payment_type"": ""credit_card"", ""payment_sequential"": 1, ""payment_installments"": 8, ""customer_state"": ""RJ"", ""seller_locations"": [{""seller_id"": ""6bb0724edf0b62fb91ac404873a97241"", ""city"": ""cotia"", ""state"": ""SP""}]}"
1263b5bd7d073c9196702d47117ee5fa-p1,90db37be54fd796a0fa73b7678e8b795,16752,2017-12-01T12:31:27+00:00,1263b5bd7d073c9196702d47117ee5fa,,,False,,"{""payment_type"": ""credit_card"", ""payment_sequential"": 1, ""payment_installments"": 3, ""customer_state"": ""BA"", ""seller_locations"": [{""seller_id"": ""fe2032dab1a61af8794248c8196565c9"", ""city"": ""campinas"", ""state"": ""SP""}]}"
b90e0b3baf0ccf666aa0e0631dfdb174-p1,0329053bfa2eba19991dd18df9228cc2,6568,2017-12-01T12:31:30+00:00,b90e0b3baf0ccf666aa0e0631dfdb174,,,False,,"{""payment_type"": ""voucher"", ""payment_sequential"": 1, ""payment_installments"": 1, ""customer_state"": ""SP"", ""seller_locations"": [{""seller_id"": ""4a3ca9315b744ce9f8e9374361493884"", ""city"": ""ibitinga"", ""state"": ""SP""}]}"
b62df733c346ba610dc254225ac7fd33-p1,44c7963ca362e0740315b8db6824fbfe,7768,2017-12-01T12:31:27+00:00,b62df733c346ba610dc254225ac7fd33,,,False,,"{""payment_type"": ""credit_card"", ""payment_sequential"": 1, ""payment_installments"": 3, ""customer_state"": ""SP"", ""seller_locations"": [{""seller_id"": ""1b0b0f4f95e962d6f32fe90c759d0479"", ""city"": ""sao paulo"", ""state"": ""SP""}]}"
33550c45cf1fd94c9f755293fb9591c0-p1,1201e8484f2158b3dbdb0186ef20e8ea,10806,2017-12-05T04:18:38+00:00,33550c45cf1fd94c9f755293fb9591c0,,,False,,"{""payment_type"": ""boleto"", ""payment_sequential"": 1, ""payment_installments"": 1, ""customer_state"": ""SP"", ""seller_locations"": [{""seller_id"": ""3c7c4a49ec3c6550809089c6a2ca9370"", ""city"": ""sao paulo"", ""state"": ""SP""}]}"
6a29741b0ee05eaaa2b4dd7a40b55890-p1,1033ef00990979a963a8e94c31ded33a,19099,2017-12-01T12:38:28+00:00,6a29741b0ee05eaaa2b4dd7a40b55890,,,False,,"{""payment_type"": ""credit_card"", ""payment_sequential"": 1, ""payment_installments"": 2, ""customer_state"": ""SP"", ""seller_locations"": [{""seller_id"": ""ce7d1888639e6fb06b2749cbfdac1ff7"", ""city"": ""baependi"", ""state"": ""MG""}]}"
b2be2e2f35e143f8895228b3c9b83eab-p1,60a1ce7b08c87a188edd648c00f61b0e,27806,2017-12-01T12:38:26+00:00,b2be2e2f35e143f8895228b3c9b83eab,,,False,,"{""payment_type"": ""credit_card"", ""payment_sequential"": 1, ""payment_installments"": 10, ""customer_state"": ""PR"", ""seller_locations"": [{""seller_id"": ""cd68562d3f44870c08922d380acae552"", ""city"": ""ribeirao preto"", ""state"": ""SP""}]}"
cb794d74f80c0dff5257f123400a063c-p1,45df9d71b80f651fcfd26763eebd027a,9622,2017-12-02T02:38:26+00:00,cb794d74f80c0dff5257f123400a063c,,,False,,"{""payment_type"": ""boleto"", ""payment_sequential"": 1, ""payment_installments"": 1, ""customer_state"": ""RJ"", ""seller_locations"": [{""seller_id"": ""da8622b14eb17ae2831f4ac5b9dab84a"", ""city"": ""piracicaba"", ""state"": ""SP""}]}"
b8fdf0a70040d5461adca8f95ba4171a-p1,45df9d71b80f651fcfd26763eebd027a,10778,2017-12-02T02:38:25+00:00,b8fdf0a70040d5461adca8f95ba4171a,,,False,,"{""payment_type"": ""boleto"", ""payment_sequential"": 1, ""payment_installments"": 1, ""customer_state"": ""RJ"", ""seller_locations"": [{""seller_id"": ""da8622b14eb17ae2831f4ac5b9dab84a"", ""city"": ""piracicaba"", ""state"": ""SP""}]}"
0f127f53a526c20902f9966a2a38846f-p1,82bbfd611198a89d2be66389d603e4ba,4700,2017-12-02T02:37:06+00:00,0f127f53a526c20902f9966a2a38846f,,,False,,"{""payment_type"": ""boleto"", ""payment_sequential"": 1, ""payment_installments"": 1, ""customer_state"": ""SP"", ""seller_locations"": [{""seller_id"": ""85d9eb9ddc5d00ca9336a2219c97bb13"", ""city"": ""belo horizonte"", ""state"": ""MG""}]}"
9db03235fbd38dbd09a5628ebee9f71b-p1,06ef40d6e048bc6ca4c8b6f2190227e1,25600,2017-12-01T12:38:40+00:00,9db03235fbd38dbd09a5628ebee9f71b,,,False,,"{""payment_type"": ""credit_card"", ""payment_sequential"": 1, ""payment_installments"": 1, ""customer_state"": ""MG"", ""seller_locations"": [{""seller_id"": ""4c2b230173bb36f9b240f2b8ac11786e"", ""city"": ""sao paulo"", ""state"": ""SP""}]}"
8bc835be169be964f492f42b517b0a3c-p1,b60ebccd69ad3836830dd0e407c4cd13,38633,2017-12-01T12:38:39+00:00,8bc835be169be964f492f42b517b0a3c,,,False,,"{""payment_type"": ""credit_card"", ""payment_sequential"": 1, ""payment_installments"": 6, ""customer_state"": ""PR"", ""seller_locations"": [{""seller_id"": ""b33e7c55446eabf8fe1a42d037ac7d6d"", ""city"": ""pradopolis"", ""state"": ""SP""}]}"
a3f91830d0e848e2824d4c772ebb7772-p1,7ed5293a63918255d94117f23d036741,10004,2017-12-01T12:52:31+00:00,a3f91830d0e848e2824d4c772ebb7772,,,False,,"{""payment_type"": ""credit_card"", ""payment_sequential"": 1, ""payment_installments"": 2, ""customer_state"": ""RJ"", ""seller_locations"": [{""seller_id"": ""6c7d50c24b3ccd2fd83b44d8bb34e073"", ""city"": ""presidente prudente"", ""state"": ""SP""}]}"
72c501775cf36e99076132aaee5ae9c0-p1,9f0628912b8102be6ef4638d0753addf,12702,2017-12-02T02:37:10+00:00,72c501775cf36e99076132aaee5ae9c0,,,False,,"{""payment_type"": ""boleto"", ""payment_sequential"": 1, ""payment_installments"": 1, ""customer_state"": ""SP"", ""seller_locations"": [{""seller_id"": ""058fd0aa2bfdb2274e05e1ae971dabb6"", ""city"": ""santo andre"", ""state"": ""SP""}]}"
2d40bdf3c32d416ae6d5d50e9e28e89c-p1,896283d8bc7fdff277edf09e539df880,76584,2017-12-01T12:52:39+00:00,2d40bdf3c32d416ae6d5d50e9e28e89c,,,False,,"{""payment_type"": ""credit_card"", ""payment_sequential"": 1, ""payment_installments"": 1, ""customer_state"": ""RJ"", ""seller_locations"": [{""seller_id"": ""4a3ca9315b744ce9f8e9374361493884"", ""city"": ""ibitinga"", ""state"": ""SP""}]}"
dcbb4f4f03f210340fce92e1f51982a0-p1,35075f5697e428103e41b806f9ff8522,5009,2017-12-01T12:52:38+00:00,dcbb4f4f03f210340fce92e1f51982a0,,,False,,"{""payment_type"": ""credit_card"", ""payment_sequential"": 1, ""payment_installments"": 2, ""customer_state"": ""PR"", ""seller_locations"": [{""seller_id"": ""cc419e0650a3c5ba77189a1882b7556a"", ""city"": ""santo andre"", ""state"": ""SP""}]}"
cacb1996e2de4ef6334c5223259544e0-p1,d82e03353dcd4c2c6ddd3dba073c8da8,6410,2017-12-01T12:52:41+00:00,cacb1996e2de4ef6334c5223259544e0,,,False,,"{""payment_type"": ""credit_card"", ""payment_sequential"": 1, ""payment_installments"": 3, ""customer_state"": ""RJ"", ""seller_locations"": [{""seller_id"": ""6560211a19b47992c3666cc44a7e94c0"", ""city"": ""sao paulo"", ""state"": ""SP""}]}"
9d3704763c7a62e8cc450c779bc811b3-p1,933d09bc2bcad9d9d322dd7df9f3c908,8415,2017-12-02T18:57:19+00:00,9d3704763c7a62e8cc450c779bc811b3,,,False,,"{""payment_type"": ""credit_card"", ""payment_sequential"": 1, ""payment_installments"": 2, ""customer_state"": ""MG"", ""seller_locations"": [{""seller_id"": ""813348c996469b40f2e028d5429d3495"", ""city"": ""jundiai"", ""state"": ""SP""}]}"
874b5f0892d39a5537e47c53d0ad4457-p1,a2b3ce5552d104942d42485e8cf59397,64384,2017-12-01T12:54:48+00:00,874b5f0892d39a5537e47c53d0ad4457,,,False,,"{""payment_type"": ""credit_card"", ""payment_sequential"": 1, ""payment_installments"": 10, ""customer_state"": ""MG"", ""seller_locations"": [{""seller_id"": ""8444e55c1f13cd5c179851e5ca5ebd00"", ""city"": ""congonhal"", ""state"": ""MG""}]}"
fa141a7eaa934d2cabe21138a23a10ce-p1,08981350cd27a14c6e62555cd0997160,10134,2017-12-05T04:13:16+00:00,fa141a7eaa934d2cabe21138a23a10ce,,,False,,"{""payment_type"": ""boleto"", ""payment_sequential"": 1, ""payment_installments"": 1, ""customer_state"": ""SC"", ""seller_locations"": [{""seller_id"": ""cc419e0650a3c5ba77189a1882b7556a"", ""city"": ""santo andre"", ""state"": ""SP""}]}"
7965b290cc7fe4790d45eaeded895967-p1,003d56767e53e08671de00da3fba8d40,17859,2017-12-01T13:18:24+00:00,7965b290cc7fe4790d45eaeded895967,,,False,,"{""payment_type"": ""credit_card"", ""payment_sequential"": 1, ""payment_installments"": 8, ""customer_state"": ""MG"", ""seller_locations"": [{""seller_id"": ""cfb1a033743668a192316f3c6d1d2671"", ""city"": ""votorantim"", ""state"": ""SP""}]}"
fecadea4b60522702bd322933da20c9e-p1,04ae6453ac0b2807721d210786d83b50,3469,2017-12-02T02:51:04+00:00,fecadea4b60522702bd322933da20c9e,,,False,,"{""payment_type"": ""boleto"", ""payment_sequential"": 1, ""payment_installments"": 1, ""customer_state"": ""SP"", ""seller_locations"": [{""seller_id"": ""897060da8b9a21f655304d50fd935913"", ""city"": ""ribeirao preto"", ""state"": ""SP""}]}"
d92ec01edb4390e4a8e311202039e06a-p1,78f40d39d4a401c047c0c26559e7775a,45281,2017-12-03T12:58:22+00:00,d92ec01edb4390e4a8e311202039e06a,,,False,,"{""payment_type"": ""credit_card"", ""payment_sequential"": 1, ""payment_installments"": 9, ""customer_state"": ""SP"", ""seller_locations"": [{""seller_id"": ""e59aa562b9f8076dd550fcddf0e73491"", ""city"": ""curitiba"", ""state"": ""PR""}]}"
8c313d4a1bea83111be5bb00105397dd-p1,da3d269cb723dde0477d80fb32601c20,4785,2017-12-03T13:12:59+00:00,8c313d4a1bea83111be5bb00105397dd,,,False,,"{""payment_type"": ""credit_card"", ""payment_sequential"": 1, ""payment_installments"": 4, ""customer_state"": ""SP"", ""seller_locations"": [{""seller_id"": ""4e922959ae960d389249c378d1c939f5"", ""city"": ""jacarei"", ""state"": ""SP""}]}"
eb951538a1e505560662159b6b4ef965-p1,2ed0e4f6c18fdb9edb131c62afef644f,73853,2017-12-01T13:18:39+00:00,eb951538a1e505560662159b6b4ef965,,,False,,"{""payment_type"": ""credit_card"", ""payment_sequential"": 1, ""payment_installments"": 5, ""customer_state"": ""RJ"", ""seller_locations"": [{""seller_id"": ""1da366cade6d8276e7d8beea7af5d4bf"", ""city"": ""uba"", ""state"": ""MG""}]}"
1b3c6f127c67654015b4f2a7b882ec40-p1,76ab1b49391ce566431f4ce1d52b3f6d,67077,2017-12-01T13:18:40+00:00,1b3c6f127c67654015b4f2a7b882ec40,,,False,,"{""payment_type"": ""credit_card"", ""payment_sequential"": 1, ""payment_installments"": 10, ""customer_state"": ""AL"", ""seller_locations"": [{""seller_id"": ""fbc14c0cf93505ef89f64665ffa4a7b5"", ""city"": ""serrana"", ""state"": ""SP""}]}"
3a21d68013a49ce0b7ecc0b3a2575c0e-p1,2bb6cf1dbaaba0cfd67e8f83ec189618,14301,2017-12-02T02:52:20+00:00,3a21d68013a49ce0b7ecc0b3a2575c0e,,,False,,"{""payment_type"": ""boleto"", ""payment_sequential"": 1, ""payment_installments"": 1, ""customer_state"": ""PE"", ""seller_locations"": [{""seller_id"": ""5a93f3ab0ef4c84ed5e1b5dbf23978bc"", ""city"": ""monteiro lobato"", ""state"": ""SP""}]}"
70ad0c0c83d69921cc0675f3e56d4e02-p1,e9b5c04c2364a0d172307ecb95a74ef4,8602,2017-12-01T13:18:46+00:00,70ad0c0c83d69921cc0675f3e56d4e02,,,False,,"{""payment_type"": ""credit_card"", ""payment_sequential"": 1, ""payment_installments"": 1, ""customer_state"": ""SP"", ""seller_locations"": [{""seller_id"": ""4d6d651bd7684af3fffabd5f08d12e5a"", ""city"": ""jau"", ""state"": ""SP""}]}"
7bb345539ace4f961167f1cf740679eb-p1,4d881f96bad182e8853def6c3453c087,3767,2017-12-01T13:35:24+00:00,7bb345539ace4f961167f1cf740679eb,,,False,,"{""payment_type"": ""credit_card"", ""payment_sequential"": 1, ""payment_installments"": 1, ""customer_state"": ""SP"", ""seller_locations"": [{""seller_id"": ""ea8482cd71df3c1969d7b9473ff13abc"", ""city"": ""sao paulo"", ""state"": ""SP""}]}"
6fa1dd5611d4b380144fbe44fa788ad9-p1,f4e5cb6321ff7e6acaf8eb6dc0bc3580,23003,2017-12-02T02:38:05+00:00,6fa1dd5611d4b380144fbe44fa788ad9,,,False,,"{""payment_type"": ""boleto"", ""payment_sequential"": 1, ""payment_installments"": 1, ""customer_state"": ""SP"", ""seller_locations"": [{""seller_id"": ""0b90b6df587eb83608a64ea8b390cf07"", ""city"": ""maringa"", ""state"": ""PR""}]}"
c8e61ba622e20d56e712335406093067-p1,88a1d0f48fe4fccb30f960c925644fd8,14292,2017-12-01T13:58:23+00:00,c8e61ba622e20d56e712335406093067,,,False,,"{""payment_type"": ""credit_card"", ""payment_sequential"": 1, ""payment_installments"": 2, ""customer_state"": ""SP"", ""seller_locations"": [{""seller_id"": ""3d871de0142ce09b7081e2b9d1733cb1"", ""city"": ""campo limpo paulista"", ""state"": ""SP""}]}"
e9a22dcbd75fcabceb686e5d6745b07b-p1,597ef8cb19501376ed11206094c0f3dc,10034,2017-12-01T13:58:27+00:00,e9a22dcbd75fcabceb686e5d6745b07b,,,False,,"{""payment_type"": ""credit_card"", ""payment_sequential"": 1, ""payment_installments"": 1, ""customer_state"": ""PR"", ""seller_locations"": [{""seller_id"": ""cc419e0650a3c5ba77189a1882b7556a"", ""city"": ""santo andre"", ""state"": ""SP""}]}"
52bd968ba85e19e47b9d5f939e4a4b24-p1,07a725430cedc49e17e0f00e1fbf70cb,9313,2017-12-02T02:38:32+00:00,52bd968ba85e19e47b9d5f939e4a4b24,,,False,,"{""payment_type"": ""boleto"", ""payment_sequential"": 1, ""payment_installments"": 1, ""customer_state"": ""SP"", ""seller_locations"": [{""seller_id"": ""a2e874074c877c5a05abae80ad6e488f"", ""city"": ""sao jose do rio preto"", ""state"": ""SP""}]}"
c47f8d001b46c06bba495ae1b0ef2dfa-p1,a224940861ba26095fb10ba2fbfcc7e4,10638,2017-12-01T13:58:44+00:00,c47f8d001b46c06bba495ae1b0ef2dfa,,,False,,"{""payment_type"": ""credit_card"", ""payment_sequential"": 1, ""payment_installments"": 8, ""customer_state"": ""MG"", ""seller_locations"": [{""seller_id"": ""cc419e0650a3c5ba77189a1882b7556a"", ""city"": ""santo andre"", ""state"": ""SP""}]}"
4c05288ce87fd35acbaa04fec7070339-p1,e187a4f568431067618a5d9c8f73652a,11694,2017-12-02T02:52:19+00:00,4c05288ce87fd35acbaa04fec7070339,,,False,,"{""payment_type"": ""boleto"", ""payment_sequential"": 1, ""payment_installments"": 1, ""customer_state"": ""GO"", ""seller_locations"": [{""seller_id"": ""4a3ca9315b744ce9f8e9374361493884"", ""city"": ""ibitinga"", ""state"": ""SP""}]}"
9e22b00fd1b9f036577e8c517ea0a5d4-p1,0fb360a422d2297dcf21d4d7b91028db,38008,2017-12-03T13:52:24+00:00,9e22b00fd1b9f036577e8c517ea0a5d4,,,False,,"{""payment_type"": ""credit_card"", ""payment_sequential"": 1, ""payment_installments"": 1, ""customer_state"": ""RJ"", ""seller_locations"": [{""seller_id"": ""955fee9216a65b617aa5c0531780ce60"", ""city"": ""sao paulo"", ""state"": ""SP""}]}"
7ca1ad2143cdd9d02d4d9c1fe9656f4c-p1,f8d2ce74b814acbf8db166a3d542abec,23310,2017-12-01T13:58:45+00:00,7ca1ad2143cdd9d02d4d9c1fe9656f4c,,,False,,"{""payment_type"": ""credit_card"", ""payment_sequential"": 1, ""payment_installments"": 10, ""customer_state"": ""RS"", ""seller_locations"": [{""seller_id"": ""8f78f0903005064036736c7173a5c2ed"", ""city"": ""tiradentes"", ""state"": ""MG""}]}"
f1b19188d070474e6b24f5e12da6ef4c-p1,b56a9485cd8a9ec00c366912cd29c809,6650,2017-12-01T13:58:50+00:00,f1b19188d070474e6b24f5e12da6ef4c,,,False,,"{""payment_type"": ""credit_card"", ""payment_sequential"": 1, ""payment_installments"": 1, ""customer_state"": ""SP"", ""seller_locations"": [{""seller_id"": ""2a6fbeaa7ab9e5d59a35841a8da71ce4"", ""city"": ""jaragua do sul"", ""state"": ""SC""}]}"
6d03ab0713a35b9475f6c5ed0d989976-p1,cb9f1b479c24cdcbd80d7c7064e4c9fd,2361,2017-12-01T14:11:22+00:00,6d03ab0713a35b9475f6c5ed0d989976,,,False,,"{""payment_type"": ""credit_card"", ""payment_sequential"": 1, ""payment_installments"": 1, ""customer_state"": ""RJ"", ""seller_locations"": [{""seller_id"": ""08d2d642cf72b622b14dde1d2f5eb2f5"", ""city"": ""marilia"", ""state"": ""SP""}]}"
f35ff8b8e2e627ad2a1ae6b89b4806e7-p1,a177014a6f3e42854c24bf59b6871447,7538,2017-12-01T13:58:49+00:00,f35ff8b8e2e627ad2a1ae6b89b4806e7,,,False,,"{""payment_type"": ""credit_card"", ""payment_sequential"": 1, ""payment_installments"": 4, ""customer_state"": ""SP"", ""seller_locations"": [{""seller_id"": ""39d54ff918774174706fb065d7f9dc07"", ""city"": ""sao paulo"", ""state"": ""SP""}]}"
e3aabf962e916c57a335a4731d479c70-p1,87c9eb971f4cfcbefa08cb27b21bc9a7,11230,2017-12-01T14:12:08+00:00,e3aabf962e916c57a335a4731d479c70,,,False,,"{""payment_type"": ""credit_card"", ""payment_sequential"": 1, ""payment_installments"": 2, ""customer_state"": ""SP"", ""seller_locations"": [{""seller_id"": ""da8622b14eb17ae2831f4ac5b9dab84a"", ""city"": ""piracicaba"", ""state"": ""SP""}]}"
a08a716f7c4514877f9f907aa11294a9-p1,73b78f75df448f01b52aee67c38e1b4d,14486,2017-12-01T14:31:48+00:00,a08a716f7c4514877f9f907aa11294a9,,,False,,"{""payment_type"": ""credit_card"", ""payment_sequential"": 1, ""payment_installments"": 4, ""customer_state"": ""SP"", ""seller_locations"": [{""seller_id"": ""1f50f920176fa81dab994f9023523100"", ""city"": ""sao jose do rio preto"", ""state"": ""SP""}]}"
12dfd48a9e526859cc845d4856be12eb-p1,b0eb9da054d6c677ba2cebec794b7c4f,12597,2017-12-01T14:17:28+00:00,12dfd48a9e526859cc845d4856be12eb,,,False,,"{""payment_type"": ""credit_card"", ""payment_sequential"": 1, ""payment_installments"": 2, ""customer_state"": ""MT"", ""seller_locations"": [{""seller_id"": ""46dc3b2cc0980fb8ec44634e21d2718e"", ""city"": ""rio de janeiro"", ""state"": ""RJ""}]}"
e134db9b2f9178ed55725a25b33e48c4-p1,c1099629bd44f439554021f60cdb120c,164436,2017-12-01T14:39:10+00:00,e134db9b2f9178ed55725a25b33e48c4,,,False,,"{""payment_type"": ""credit_card"", ""payment_sequential"": 1, ""payment_installments"": 1, ""customer_state"": ""SP"", ""seller_locations"": [{""seller_id"": ""cf8ab1616079e2793aa29d524df01bb1"", ""city"": ""sao paulo"", ""state"": ""SP""}]}"
189f6ebeadf450bb5abaff2b8a55ffd2-p1,8266a33ae45def22e9a5142f504746f1,29222,2017-12-05T04:12:27+00:00,189f6ebeadf450bb5abaff2b8a55ffd2,,,False,,"{""payment_type"": ""boleto"", ""payment_sequential"": 1, ""payment_installments"": 1, ""customer_state"": ""RJ"", ""seller_locations"": [{""seller_id"": ""2a5b78b41cd05baeac8df54c6606b92c"", ""city"": ""formiga"", ""state"": ""MG""}]}"
5f739b9d416fe64eaaca0f74c6a96239-p1,e01719d1077d8e338be6d5b91b24947d,11624,2017-12-01T14:39:00+00:00,5f739b9d416fe64eaaca0f74c6a96239,,,False,,"{""payment_type"": ""credit_card"", ""payment_sequential"": 1, ""payment_installments"": 1, ""customer_state"": ""MG"", ""seller_locations"": [{""seller_id"": ""a1043bafd471dff536d0c462352beb48"", ""city"": ""ilicinea"", ""state"": ""MG""}]}"
d2ff49a57446cba2b7cd5b8211d43db4-p1,a7d4bf537dfe277f70e1b63a2ad1534b,9943,2017-12-01T14:39:00+00:00,d2ff49a57446cba2b7cd5b8211d43db4,,,False,,"{""payment_type"": ""credit_card"", ""payment_sequential"": 1, ""payment_installments"": 2, ""customer_state"": ""SP"", ""seller_locations"": [{""seller_id"": ""cc419e0650a3c5ba77189a1882b7556a"", ""city"": ""santo andre"", ""state"": ""SP""}]}"
2d48e0823cd1b60fcd0653613d712e27-p1,730ae8c327cf72c645de5fd7238ae4dc,7862,2017-12-01T14:39:00+00:00,2d48e0823cd1b60fcd0653613d712e27,,,False,,"{""payment_type"": ""credit_card"", ""payment_sequential"": 1, ""payment_installments"": 2, ""customer_state"": ""SP"", ""seller_locations"": [{""seller_id"": ""f08c008c8a8d31417763738a1788a2a8"", ""city"": ""santa terezinha de itaipu"", ""state"": ""PR""}]}"
f4b75a851727133860699dd7a8acda5f-p1,e6d511bd228c7136272472a56c6672dd,14766,2017-12-02T10:18:39+00:00,f4b75a851727133860699dd7a8acda5f,,,False,,"{""payment_type"": ""boleto"", ""payment_sequential"": 1, ""payment_installments"": 1, ""customer_state"": ""PE"", ""seller_locations"": [{""seller_id"": ""e8b3a3a38279a82f0e5d006d5e5b7d2c"", ""city"": ""jussara"", ""state"": ""PR""}]}"
49a4ac17405a0e93eacd89de7e081904-p1,fc7e3fe2d8e68979e897570254ee78a1,2780,2017-12-01T14:39:01+00:00,49a4ac17405a0e93eacd89de7e081904,,,False,,"{""payment_type"": ""credit_card"", ""payment_sequential"": 1, ""payment_installments"": 1, ""customer_state"": ""RJ"", ""seller_locations"": [{""seller_id"": ""8b321bb669392f5163d04c59e235e066"", ""city"": ""sao paulo"", ""state"": ""SP""}]}"
ac9ded1f3d754d8a13787ff88fd7b4f1-p1,5a0fd5d12f969cf5b9f81b5e6798955b,6601,2017-12-05T04:12:06+00:00,ac9ded1f3d754d8a13787ff88fd7b4f1,,,False,,"{""payment_type"": ""boleto"", ""payment_sequential"": 1, ""payment_installments"": 1, ""customer_state"": ""RJ"", ""seller_locations"": [{""seller_id"": ""8ff1a9df749e454105c55cda13e79143"", ""city"": ""marilia"", ""state"": ""SP""}]}"
4e9b5654a8e87fbf1f0010429835dbcf-p1,fd1df4bcd96b397659b947c5c8508c1f,7205,2017-12-01T14:49:34+00:00,4e9b5654a8e87fbf1f0010429835dbcf,,,False,,"{""payment_type"": ""credit_card"", ""payment_sequential"": 1, ""payment_installments"": 3, ""customer_state"": ""SP"", ""seller_locations"": [{""seller_id"": ""0ef83d7d83ed97cd2a0049ac8be5f88a"", ""city"": ""curitiba"", ""state"": ""PR""}]}"
b28f406dacca37ff27d85f7982344d2f-p1,917aaf420bc9836da7af3ea67743c3b2,12280,2017-12-02T02:51:10+00:00,b28f406dacca37ff27d85f7982344d2f,,,False,,"{""payment_type"": ""boleto"", ""payment_sequential"": 1, ""payment_installments"": 1, ""customer_state"": ""SP"", ""seller_locations"": [{""seller_id"": ""88460e8ebdecbfecb5f9601833981930"", ""city"": ""maringa"", ""state"": ""PR""}]}"
6aa1b68888b0cf160c7072009c46ea24-p1,0895c61a77b305efdfad13596c749c60,16126,2017-12-01T14:49:35+00:00,6aa1b68888b0cf160c7072009c46ea24,,,False,,"{""payment_type"": ""credit_card"", ""payment_sequential"": 1, ""payment_installments"": 8, ""customer_state"": ""SP"", ""seller_locations"": [{""seller_id"": ""fe2032dab1a61af8794248c8196565c9"", ""city"": ""campinas"", ""state"": ""SP""}]}"
6aefae2f6010e130e87f27ff4ed31a8d-p1,69f2934ad8b50cc05587a94cc7d68fc9,12109,2017-12-01T14:49:44+00:00,6aefae2f6010e130e87f27ff4ed31a8d,,,False,,"{""payment_type"": ""credit_card"", ""payment_sequential"": 1, ""payment_installments"": 10, ""customer_state"": ""PR"", ""seller_locations"": [{""seller_id"": ""8f2ce03f928b567e3d56181ae20ae952"", ""city"": ""pirituba"", ""state"": ""SP""}]}"
931fdd63ba701dba6def14b3655e0a32-p1,69f2934ad8b50cc05587a94cc7d68fc9,10134,2017-12-01T14:49:40+00:00,931fdd63ba701dba6def14b3655e0a32,,,False,,"{""payment_type"": ""credit_card"", ""payment_sequential"": 1, ""payment_installments"": 10, ""customer_state"": ""PR"", ""seller_locations"": [{""seller_id"": ""cc419e0650a3c5ba77189a1882b7556a"", ""city"": ""santo andre"", ""state"": ""SP""}]}"
673c33bc0fb36d9b542e2bb104c14841-p2,d138c16eb8e4cc30948260a057a66687,3790,2017-12-01T14:49:49+00:00,673c33bc0fb36d9b542e2bb104c14841,,,False,,"{""payment_type"": ""voucher"", ""payment_sequential"": 2, ""payment_installments"": 1, ""customer_state"": ""RS"", ""seller_locations"": [{""seller_id"": ""c8467937e403e76a8ee9f0ab13f6f5ef"", ""city"": ""pocos de caldas"", ""state"": ""MG""}]}"
673c33bc0fb36d9b542e2bb104c14841-p1,d138c16eb8e4cc30948260a057a66687,2075,2017-12-01T14:49:49+00:00,673c33bc0fb36d9b542e2bb104c14841,,,False,,"{""payment_type"": ""credit_card"", ""payment_sequential"": 1, ""payment_installments"": 1, ""customer_state"": ""RS"", ""seller_locations"": [{""seller_id"": ""c8467937e403e76a8ee9f0ab13f6f5ef"", ""city"": ""pocos de caldas"", ""state"": ""MG""}]}"
5278f92718cd6d3de89da59a99515b34-p1,d8f5ee4b76c82faf04e01c0b5bd5e9ed,17598,2017-12-01T14:54:23+00:00,5278f92718cd6d3de89da59a99515b34,,,False,,"{""payment_type"": ""credit_card"", ""payment_sequential"": 1, ""payment_installments"": 3, ""customer_state"": ""MT"", ""seller_locations"": [{""seller_id"": ""edb1ef5e36e0c8cd84eb3c9b003e486d"", ""city"": ""teresopolis"", ""state"": ""RJ""}]}"
94e9d4fb987019517b0aac56db0ae735-p1,70cfa73f84331fd808c8e1bf10f6213d,6524,2017-12-05T04:12:25+00:00,94e9d4fb987019517b0aac56db0ae735,,,False,,"{""payment_type"": ""boleto"", ""payment_sequential"": 1, ""payment_installments"": 1, ""customer_state"": ""MG"", ""seller_locations"": [{""seller_id"": ""897060da8b9a21f655304d50fd935913"", ""city"": ""ribeirao preto"", ""state"": ""SP""}]}"
284dfdbca771e6488f7c8f9114f407a9-p1,1a8ad9a412cd86236a086b3b2ac3e102,5689,2017-12-01T14:58:27+00:00,284dfdbca771e6488f7c8f9114f407a9,,,False,,"{""payment_type"": ""credit_card"", ""payment_sequential"": 1, ""payment_installments"": 1, ""customer_state"": ""BA"", ""seller_locations"": [{""seller_id"": ""5a93f3ab0ef4c84ed5e1b5dbf23978bc"", ""city"": ""monteiro lobato"", ""state"": ""SP""}]}"
fcbb6af360b31b05460c2c8e524588c0-p1,0ec5bddf9b389fa7c737a2db61b6577d,119438,2017-12-01T14:57:29+00:00,fcbb6af360b31b05460c2c8e524588c0,,,False,,"{""payment_type"": ""credit_card"", ""payment_sequential"": 1, ""payment_installments"": 24, ""customer_state"": ""RJ"", ""seller_locations"": [{""seller_id"": ""17f51e7198701186712e53a39c564617"", ""city"": ""sao paulo"", ""state"": ""SP""}]}"
e67079e951179d571be3c4bb463f47a7-p1,00c3c74b09b2022ac2c0f43bb09797b4,7205,2017-12-01T15:19:09+00:00,e67079e951179d571be3c4bb463f47a7,,,False,,"{""payment_type"": ""credit_card"", ""payment_sequential"": 1, ""payment_installments"": 3, ""customer_state"": ""SP"", ""seller_locations"": [{""seller_id"": ""0ef83d7d83ed97cd2a0049ac8be5f88a"", ""city"": ""curitiba"", ""state"": ""PR""}]}"
51965bbaf28462239df82affdbbb1301-p1,1d8723cf8c3104c06962bfc35d7131f4,3176,2017-12-02T02:37:26+00:00,51965bbaf28462239df82affdbbb1301,,,False,,"{""payment_type"": ""boleto"", ""payment_sequential"": 1, ""payment_installments"": 1, ""customer_state"": ""SP"", ""seller_locations"": [{""seller_id"": ""e9779976487b77c6d4ac45f75ec7afe9"", ""city"": ""praia grande"", ""state"": ""SP""}]}"
cb55e6deb67ba10e409f5e3e0a968254-p1,a00dacbc666efe1dadcc55a56a62603a,13428,2017-12-01T15:30:45+00:00,cb55e6deb67ba10e409f5e3e0a968254,,,False,,"{""payment_type"": ""credit_card"", ""payment_sequential"": 1, ""payment_installments"": 2, ""customer_state"": ""PR"", ""seller_locations"": [{""seller_id"": ""a416b6a846a11724393025641d4edd5e"", ""city"": ""sao paulo"", ""state"": ""SP""}]}"
05bc55c2402923914487bf644d917ad5-p1,e97b18fc8c6d72975f8689f4a1829080,11694,2017-12-01T15:30:50+00:00,05bc55c2402923914487bf644d917ad5,,,False,,"{""payment_type"": ""credit_card"", ""payment_sequential"": 1, ""payment_installments"": 2, ""customer_state"": ""SP"", ""seller_locations"": [{""seller_id"": ""46dc3b2cc0980fb8ec44634e21d2718e"", ""city"": ""rio de janeiro"", ""state"": ""RJ""}]}"
5cba90f4426ae8c12848639992997edf-p1,a0f619ac6cd2d9cc9194f265dac97d9e,4053,2017-12-02T02:37:11+00:00,5cba90f4426ae8c12848639992997edf,,,False,,"{""payment_type"": ""boleto"", ""payment_sequential"": 1, ""payment_installments"": 1, ""customer_state"": ""PA"", ""seller_locations"": [{""seller_id"": ""da8622b14eb17ae2831f4ac5b9dab84a"", ""city"": ""piracicaba"", ""state"": ""SP""}]}"
2835db7029951274a3a1ec7ea37d9254-p1,f0a61cf47535afda9d4454c9449e63e5,4742,2017-12-05T04:12:23+00:00,2835db7029951274a3a1ec7ea37d9254,,,False,,"{""payment_type"": ""boleto"", ""payment_sequential"": 1, ""payment_installments"": 1, ""customer_state"": ""RJ"", ""seller_locations"": [{""seller_id"": ""7008613ea464bad5cb9b83456e1e6a8f"", ""city"": ""canoinhas"", ""state"": ""SC""}]}"
8019e5f3a23ce0342b60a67f3fda2c65-p1,30ec1e42686b488e353712bcde544e5d,6500,2017-12-05T04:15:40+00:00,8019e5f3a23ce0342b60a67f3fda2c65,,,False,,"{""payment_type"": ""boleto"", ""payment_sequential"": 1, ""payment_installments"": 1, ""customer_state"": ""RJ"", ""seller_locations"": [{""seller_id"": ""6a8b085f816a1f75f92dbac6eb545f8f"", ""city"": ""bebedouro"", ""state"": ""SP""}]}"
de0e984a881ce75f0f313038b3b3bda0-p1,0bd8244133096b90feb71dcb6e496ae8,5177,2017-12-01T15:34:25+00:00,de0e984a881ce75f0f313038b3b3bda0,,,False,,"{""payment_type"": ""credit_card"", ""payment_sequential"": 1, ""payment_installments"": 1, ""customer_state"": ""SP"", ""seller_locations"": [{""seller_id"": ""ea8482cd71df3c1969d7b9473ff13abc"", ""city"": ""sao paulo"", ""state"": ""SP""}]}"
4240d84451ff02c5a7f3f34926699cd9-p1,40a01c0e311a2ab2fe2c62fa17e602af,56795,2017-12-05T04:13:27+00:00,4240d84451ff02c5a7f3f34926699cd9,,,False,,"{""payment_type"": ""boleto"", ""payment_sequential"": 1, ""payment_installments"": 1, ""customer_state"": ""MG"", ""seller_locations"": [{""seller_id"": ""a513150f33f99a06569e9cd5c4bb889b"", ""city"": ""sao paulo"", ""state"": ""SP""}]}"
69152feaafd64d08f0aa216e5f3c5a5b-p1,e93a8bc2dfece11ec9cdef4439222acb,6487,2017-12-01T16:00:16+00:00,69152feaafd64d08f0aa216e5f3c5a5b,,,False,,"{""payment_type"": ""credit_card"", ""payment_sequential"": 1, ""payment_installments"": 1, ""customer_state"": ""MG"", ""seller_locations"": [{""seller_id"": ""c826c40d7b19f62a09e2d7c5e7295ee2"", ""city"": ""guarulhos"", ""state"": ""SP""}]}"
570065bfd340aecea7e2c960ec530b6f-p1,3e43fc8a00d1e9ef2879b0e842820155,6075,2017-12-01T16:00:20+00:00,570065bfd340aecea7e2c960ec530b6f,,,False,,"{""payment_type"": ""credit_card"", ""payment_sequential"": 1, ""payment_installments"": 1, ""customer_state"": ""RS"", ""seller_locations"": [{""seller_id"": ""897060da8b9a21f655304d50fd935913"", ""city"": ""ribeirao preto"", ""state"": ""SP""}]}"
72af7514238e36c16453f0a9146ecb52-p1,bc5b38c4913692426b92b0d40a6ddc1f,2871,2017-12-03T15:35:50+00:00,72af7514238e36c16453f0a9146ecb52,,,False,,"{""payment_type"": ""credit_card"", ""payment_sequential"": 1, ""payment_installments"": 2, ""customer_state"": ""SP"", ""seller_locations"": [{""seller_id"": ""e9d99831abad74458942f21e16f33f92"", ""city"": ""sao paulo"", ""state"": ""SP""}]}"
eaf25d31a437014ab7271e91dead59c4-p1,8ae26e6db04aeaccf8c41a55ad87521c,10196,2017-12-01T16:00:31+00:00,eaf25d31a437014ab7271e91dead59c4,,,False,,"{""payment_type"": ""credit_card"", ""payment_sequential"": 1, ""payment_installments"": 1, ""customer_state"": ""SP"", ""seller_locations"": [{""seller_id"": ""2528513dd95219a6013d4d05176e391a"", ""city"": ""osasco"", ""state"": ""SP""}]}"
4b084373ddadca63d02071a40596da80-p1,fb3e55014819eef5745a9c6c7a5444f7,24136,2017-12-01T16:00:33+00:00,4b084373ddadca63d02071a40596da80,,,False,,"{""payment_type"": ""credit_card"", ""payment_sequential"": 1, ""payment_installments"": 10, ""customer_state"": ""RJ"", ""seller_locations"": [{""seller_id"": ""c6a7539d424a8402232c2228d7a03c5e"", ""city"": ""sao paulo"", ""state"": ""SP""}]}"
92e569b96881cdc062cc199bc7465002-p1,5ceb31e960b2c44e38fa80db623b26bf,11696,2017-12-01T16:10:20+00:00,92e569b96881cdc062cc199bc7465002,,,False,,"{""payment_type"": ""credit_card"", ""payment_sequential"": 1, ""payment_installments"": 1, ""customer_state"": ""RJ"", ""seller_locations"": [{""seller_id"": ""376a891762bbdecbc02b4b6adec3fdda"", ""city"": ""goiania"", ""state"": ""GO""}]}"
423bacebe695187f7c0f4c416adf5a37-p1,b8d36e8551a637e3bb847456069fae9b,7338,2017-12-01T16:11:24+00:00,423bacebe695187f7c0f4c416adf5a37,,,False,,"{""payment_type"": ""credit_card"", ""payment_sequential"": 1, ""payment_installments"": 5, ""customer_state"": ""MG"", ""seller_locations"": [{""seller_id"": ""128639473a139ac0f3e5f5ade55873a5"", ""city"": ""maringa"", ""state"": ""PR""}]}"
c9235f8ee527574b6e127f65f016fa73-p1,3dc2cc07a33edae5d8588063b1c85438,2010,2017-12-01T16:10:32+00:00,c9235f8ee527574b6e127f65f016fa73,,,False,,"{""payment_type"": ""credit_card"", ""payment_sequential"": 1, ""payment_installments"": 2, ""customer_state"": ""MG"", ""seller_locations"": [{""seller_id"": ""cc419e0650a3c5ba77189a1882b7556a"", ""city"": ""santo andre"", ""state"": ""SP""}]}"
67204cd665c7418b36623b21584dc92c-p1,9159c04b88895d995741dd5b9b7a5f1d,22776,2017-12-01T16:40:20+00:00,67204cd665c7418b36623b21584dc92c,,,False,,"{""payment_type"": ""credit_card"", ""payment_sequential"": 1, ""payment_installments"": 4, ""customer_state"": ""RJ"", ""seller_locations"": [{""seller_id"": ""3d871de0142ce09b7081e2b9d1733cb1"", ""city"": ""campo limpo paulista"", ""state"": ""SP""}]}"
16efc11ccab2e8a17656020f80cd39e3-p1,96fc491a6ce0aa111de859fcb5411da9,25593,2017-12-05T04:11:45+00:00,16efc11ccab2e8a17656020f80cd39e3,,,False,,"{""payment_type"": ""boleto"", ""payment_sequential"": 1, ""payment_installments"": 1, ""customer_state"": ""RJ"", ""seller_locations"": [{""seller_id"": ""8759e7aedd644f487315e5860962f162"", ""city"": ""santo andre"", ""state"": ""SP""}]}"
875ab1a09eb128fa4a3bcedabfb42df6-p1,7c269c094eb72fe67154b16e18f88ec7,47241,2017-12-01T16:40:35+00:00,875ab1a09eb128fa4a3bcedabfb42df6,,,False,,"{""payment_type"": ""credit_card"", ""payment_sequential"": 1, ""payment_installments"": 8, ""customer_state"": ""SP"", ""seller_locations"": [{""seller_id"": ""01fdefa7697d26ad920e9e0346d4bd1b"", ""city"": ""londrina"", ""state"": ""PR""}]}"
638c43326cd8c7403a2bf818e46b779e-p1,f734a4e29dceee80c8f0a7e318d6ad34,5678,2017-12-01T16:40:34+00:00,638c43326cd8c7403a2bf818e46b779e,,,False,,"{""payment_type"": ""credit_card"", ""payment_sequential"": 1, ""payment_installments"": 2, ""customer_state"": ""MG"", ""seller_locations"": [{""seller_id"": ""80e6699fe29150b372a0c8a1ebf7dcc8"", ""city"": ""pinhais"", ""state"": ""PR""}]}"
4b1c6eb00f599c2ea1d21e446cd60efa-p1,1028ab5aecbcdfe221a761830f0f8f24,19765,2017-12-01T16:40:43+00:00,4b1c6eb00f599c2ea1d21e446cd60efa,,,False,,"{""payment_type"": ""credit_card"", ""payment_sequential"": 1, ""payment_installments"": 1, ""customer_state"": ""MG"", ""seller_locations"": [{""seller_id"": ""955fee9216a65b617aa5c0531780ce60"", ""city"": ""sao paulo"", ""state"": ""SP""}]}"
dedfae6510ab02ac08526276e245e006-p1,3126c1a8c6c019ac92c7adfe193e6c75,8259,2017-12-04T09:29:58+00:00,dedfae6510ab02ac08526276e245e006,,,False,,"{""payment_type"": ""credit_card"", ""payment_sequential"": 1, ""payment_installments"": 1, ""customer_state"": ""MG"", ""seller_locations"": [{""seller_id"": ""7aa4334be125fcdd2ba64b3180029f14"", ""city"": ""laranjal paulista"", ""state"": ""SP""}]}"
110f23195a2ddb2ccaad30b37bfacbbf-p1,7cb20dd79b4b5bfda52b712000a30de5,7598,2017-12-01T16:49:31+00:00,110f23195a2ddb2ccaad30b37bfacbbf,,,False,,"{""payment_type"": ""credit_card"", ""payment_sequential"": 1, ""payment_installments"": 3, ""customer_state"": ""ES"", ""seller_locations"": [{""seller_id"": ""870d0118f7a9d85960f29ad89d5d989a"", ""city"": ""pocos de caldas"", ""state"": ""MG""}]}"
8d42bc7cf9914679406f48db0e05e571-p1,7cb20dd79b4b5bfda52b712000a30de5,8266,2017-12-01T16:49:33+00:00,8d42bc7cf9914679406f48db0e05e571,,,False,,"{""payment_type"": ""credit_card"", ""payment_sequential"": 1, ""payment_installments"": 3, ""customer_state"": ""ES"", ""seller_locations"": [{""seller_id"": ""870d0118f7a9d85960f29ad89d5d989a"", ""city"": ""pocos de caldas"", ""state"": ""MG""}]}"
1853610c46a77ba436f5e06e16ec8302-p1,6cde5ed6a701131f96b598d4490ce710,7497,2017-12-01T16:49:40+00:00,1853610c46a77ba436f5e06e16ec8302,,,False,,"{""payment_type"": ""credit_card"", ""payment_sequential"": 1, ""payment_installments"": 3, ""customer_state"": ""SC"", ""seller_locations"": [{""seller_id"": ""2a7c6c0b0d5efde2bf75ec1e1cec2d41"", ""city"": ""maringa"", ""state"": ""PR""}]}"
666a3fba59ffe0f70203090fdff3a61f-p1,87eeca1f7606db239a54f786e6a46c9b,14022,2017-12-01T16:49:40+00:00,666a3fba59ffe0f70203090fdff3a61f,,,False,,"{""payment_type"": ""credit_card"", ""payment_sequential"": 1, ""payment_installments"": 1, ""customer_state"": ""RJ"", ""seller_locations"": [{""seller_id"": ""620c87c171fb2a6dd6e8bb4dec959fc6"", ""city"": ""petropolis"", ""state"": ""RJ""}]}"
62298ce96fd87a8c6dbd04c4b2a16d41-p1,e7fdb450df9cb5915176faf3c938d1fd,5068,2017-12-01T16:53:29+00:00,62298ce96fd87a8c6dbd04c4b2a16d41,,,False,,"{""payment_type"": ""credit_card"", ""payment_sequential"": 1, ""payment_installments"": 1, ""customer_state"": ""SP"", ""seller_locations"": [{""seller_id"": ""d1c281d3ae149232351cd8c8cc885f0d"", ""city"": ""ibitinga"", ""state"": ""SP""}]}"
bcbead00f0c2dfabaf82fa4af5611f71-p1,c9ff95ec8ee314da72d3b0bbea265616,31785,2017-12-01T17:19:05+00:00,bcbead00f0c2dfabaf82fa4af5611f71,,,False,,"{""payment_type"": ""boleto"", ""payment_sequential"": 1, ""payment_installments"": 1, ""customer_state"": ""SP"", ""seller_locations"": [{""seller_id"": ""46dc3b2cc0980fb8ec44634e21d2718e"", ""city"": ""rio de janeiro"", ""state"": ""RJ""}]}"
2c9692d95147996e657865c7f5ec42fc-p1,a0858dd9227559842a82c2cf773081cd,13917,2017-12-01T16:57:27+00:00,2c9692d95147996e657865c7f5ec42fc,,,False,,"{""payment_type"": ""credit_card"", ""payment_sequential"": 1, ""payment_installments"": 2, ""customer_state"": ""SP"", ""seller_locations"": [{""seller_id"": ""cfb1a033743668a192316f3c6d1d2671"", ""city"": ""votorantim"", ""state"": ""SP""}]}"
4c05568a8cbfba6c3502aa38dd34c9c2-p1,91877c47c40137d5c7226bdae4e47ba2,9345,2017-12-01T16:55:35+00:00,4c05568a8cbfba6c3502aa38dd34c9c2,,,False,,"{""payment_type"": ""credit_card"", ""payment_sequential"": 1, ""payment_installments"": 1, ""customer_state"": ""RJ"", ""seller_locations"": [{""seller_id"": ""98dac6635aee4995d501a3972e047414"", ""city"": ""sao paulo"", ""state"": ""SP""}]}"
231e2dace3795631b40339ad8c53e5d0-p1,5bb6aa0c66768142a9da3b6751b1fbbf,25186,2017-12-01T16:58:26+00:00,231e2dace3795631b40339ad8c53e5d0,,,False,,"{""payment_type"": ""credit_card"", ""payment_sequential"": 1, ""payment_installments"": 5, ""customer_state"": ""SP"", ""seller_locations"": [{""seller_id"": ""cc80e2f693fa6e2408f47ccf62413fc1"", ""city"": ""curitiba"", ""state"": ""PR""}]}"
f2125ad278ab03d4779ded7001337ee1-p1,38cfe0709a4c787caaf63fcce697b8e3,30135,2017-12-03T16:53:45+00:00,f2125ad278ab03d4779ded7001337ee1,,,False,,"{""payment_type"": ""credit_card"", ""payment_sequential"": 1, ""payment_installments"": 5, ""customer_state"": ""RJ"", ""seller_locations"": [{""seller_id"": ""c500367424994318b9e779ff1ae9a330"", ""city"": ""paulinia"", ""state"": ""SP""}]}"
1d791267fec7d64556bf4bdbaa5416c2-p1,22d47c0d3a0a3d5667b73a5f1d8bb20a,36499,2017-12-03T16:53:52+00:00,1d791267fec7d64556bf4bdbaa5416c2,,,False,,"{""payment_type"": ""credit_card"", ""payment_sequential"": 1, ""payment_installments"": 5, ""customer_state"": ""DF"", ""seller_locations"": [{""seller_id"": ""fa1c13f2614d7b5c4749cbc52fecda94"", ""city"": ""sumare"", ""state"": ""SP""}]}"
475fa9160e2a29d7eb459744a2b16635-p1,ec39f1e8b8321e93194fd73693d4f920,3784,2017-12-05T04:18:38+00:00,475fa9160e2a29d7eb459744a2b16635,,,False,,"{""payment_type"": ""boleto"", ""payment_sequential"": 1, ""payment_installments"": 1, ""customer_state"": ""SP"", ""seller_locations"": [{""seller_id"": ""ef506c96320abeedfb894c34db06f478"", ""city"": ""sao paulo"", ""state"": ""SP""}]}"
1cd5bf46850066b6dd1321c0680ed93f-p1,cfd472b63cf204c38bc6614b64e379f2,5862,2017-12-01T17:19:52+00:00,1cd5bf46850066b6dd1321c0680ed93f,,,False,,"{""payment_type"": ""credit_card"", ""payment_sequential"": 1, ""payment_installments"": 1, ""customer_state"": ""SP"", ""seller_locations"": [{""seller_id"": ""30a2f535bb48308f991d0b9ad4a8c4bb"", ""city"": ""santa barbara d'oeste"", ""state"": ""SP""}]}"
062171ae61a088263fec533c7b4aadca-p1,7f5da5066c49789a1f5e6371e7d72e8e,23697,2017-12-01T17:19:58+00:00,062171ae61a088263fec533c7b4aadca,,,False,,"{""payment_type"": ""credit_card"", ""payment_sequential"": 1, ""payment_installments"": 8, ""customer_state"": ""BA"", ""seller_locations"": [{""seller_id"": ""b33e7c55446eabf8fe1a42d037ac7d6d"", ""city"": ""pradopolis"", ""state"": ""SP""}]}"
3ee6a5145ccf8837184fe98c491e232c-p1,25ee64833b4517bbd910f6f981859626,19699,2017-12-01T17:30:26+00:00,3ee6a5145ccf8837184fe98c491e232c,,,False,,"{""payment_type"": ""credit_card"", ""payment_sequential"": 1, ""payment_installments"": 1, ""customer_state"": ""SP"", ""seller_locations"": [{""seller_id"": ""63b464dbf392c7b80d12d932fa7cafed"", ""city"": ""sao paulo"", ""state"": ""SP""}]}"
4c4c18f172becac0b104709006c11a9b-p1,2efd222acea6e5b2c294ea65af6424f5,27958,2017-12-05T04:17:31+00:00,4c4c18f172becac0b104709006c11a9b,,,False,,"{""payment_type"": ""boleto"", ""payment_sequential"": 1, ""payment_installments"": 1, ""customer_state"": ""RS"", ""seller_locations"": [{""seller_id"": ""53243585a1d6dc2643021fd1853d8905"", ""city"": ""lauro de freitas"", ""state"": ""BA""}]}"
bd8b880cb77c8814dfce61086015fe1b-p1,f81481ce999df3f2f60fa451813f7e2f,45335,2017-12-01T17:30:27+00:00,bd8b880cb77c8814dfce61086015fe1b,,,False,,"{""payment_type"": ""credit_card"", ""payment_sequential"": 1, ""payment_installments"": 5, ""customer_state"": ""CE"", ""seller_locations"": [{""seller_id"": ""af4a0e4cfe1d9c26b6712b1be25a72e5"", ""city"": ""mateus leme"", ""state"": ""MG""}]}"
ee7560a748685ea9c6d3bb5341f4e97e-p1,a3c09de4545ea911aa36f25211ddf483,23186,2017-12-01T17:29:49+00:00,ee7560a748685ea9c6d3bb5341f4e97e,,,False,,"{""payment_type"": ""credit_card"", ""payment_sequential"": 1, ""payment_installments"": 2, ""customer_state"": ""PR"", ""seller_locations"": [{""seller_id"": ""23d7c96d4a1160db1c726b248601b25a"", ""city"": ""capivari"", ""state"": ""SP""}]}"
0b382db57a557ff7703eaba5e991e7fb-p2,bfb1a102e6fe99d83c5e78e58370a8de,70451,2017-11-02T12:15:31+00:00,0b382db57a557ff7703eaba5e991e7fb,,,True,,"{""payment_type"": ""credit_card"", ""payment_sequential"": 2, ""payment_installments"": 4, ""customer_state"": ""MG"", ""seller_locations"": [{""seller_id"": ""53243585a1d6dc2643021fd1853d8905"", ""city"": ""lauro de freitas"", ""state"": ""BA""}], ""fault_id"": ""G""}"
2d27ee9bbc377938d4a8c5a8efb16551-p2,163fb9fbf2ad50509f49ff664893b6b8,4423,2017-11-09T17:47:53+00:00,2d27ee9bbc377938d4a8c5a8efb16551,,,True,,"{""payment_type"": ""credit_card"", ""payment_sequential"": 2, ""payment_installments"": 2, ""customer_state"": ""SP"", ""seller_locations"": [{""seller_id"": ""2e1a7d075abe038c1b2743005fe42ff1"", ""city"": ""sao paulo"", ""state"": ""SP""}], ""fault_id"": ""G""}"
4f3428d2bdfb5f3910f874c72120c9f1-p2,15702b42095b880565ce41d4b1511814,1100,2017-11-03T20:30:54+00:00,4f3428d2bdfb5f3910f874c72120c9f1,,,True,,"{""payment_type"": ""voucher"", ""payment_sequential"": 2, ""payment_installments"": 1, ""customer_state"": ""SP"", ""seller_locations"": [{""seller_id"": ""dc4a0fc896dc34b0d5bfec8438291c80"", ""city"": ""ibitinga"", ""state"": ""SP""}], ""fault_id"": ""G""}"
5720bc11a86749d980e65cac6e3ff08f-p2,30a0640ac0c764b1bb8622eaa476de2f,15000,2017-11-09T09:50:45+00:00,5720bc11a86749d980e65cac6e3ff08f,,,True,,"{""payment_type"": ""credit_card"", ""payment_sequential"": 2, ""payment_installments"": 1, ""customer_state"": ""PR"", ""seller_locations"": [{""seller_id"": ""b8bc237ba3788b23da09c0f1f3a3288c"", ""city"": ""itajai"", ""state"": ""SC""}], ""fault_id"": ""G""}"
71385d0c646fbc757cfd07df085986d7-p2,c4c088737a539f84fab061a3299dfe58,15912,2017-11-08T20:56:03+00:00,71385d0c646fbc757cfd07df085986d7,,,True,,"{""payment_type"": ""voucher"", ""payment_sequential"": 2, ""payment_installments"": 1, ""customer_state"": ""RJ"", ""seller_locations"": [{""seller_id"": ""dc317f341ab0e22f39acbd9dbf9b4a1f"", ""city"": ""cachoeirinha"", ""state"": ""RS""}], ""fault_id"": ""G""}"
